full_name,full_name_words,screen_name,EqualityResult,followers_count,following,no_of_posts,url,Profile pic,description,fake
0,2,1,1,208,332,1,0,0,21,0
0,1,1,0,330,485,5,0,1,48,0
0,1,0.285714286,0,166,177,0,0,0,34,0
0,2,0,0,2248,981,101,1,0,58,0
0,2,1.142857143,0,21,79,0,0,1,13,0
0,1,0.666666667,0,641,1066,7,0,0,151,0
0,1,0.071428571,0,1042,2000,7,0,1,37,0
0,1,0.071428571,0,561,118,4,1,0,152,0
0,2,0.083333333,0,337,256,4,0,1,0,0
0,2,0.166666667,0,421,338,5,0,1,77,0
0,2,0.153846154,0,335,276,4,1,0,13,0
0.058823529,3,0.083333333,0,232,225,56,1,0,119,0
0,2,0.4,0,1948,2096,88,1,0,130,0
0,2,0.25,0,271,216,0,1,0,22,0
0,2,0.5,0,16,74,0,0,0,131,0
0.5,1,0.333333333,0,1190,355,11,1,0,49,0
0,2,0,0,7842,7836,34,1,0,115,0
0,2,0.083333333,0,552,787,11,0,1,21,0
0.076923077,2,0.1,0,223,166,2,0,0,95,0
0,2,0.6,0,303,325,2,1,0,82,0
0.181818182,2,0.444444444,0,1978,197,7,0,1,80,0
0,2,0.428571429,0,1605,969,2,0,0,40,0
0,2,0.6,0,212,150,0,0,1,0,0
0,3,2,0,1206,49,6,1,1,63,0
0,1,0.25,0,435,320,1,0,0,9,0
1,1,0.5,0,7644,359,46,1,0,50,0
0,1,0,0,182,117,0,0,0,15,0
0,1,0,0,9815,2190,38,0,0,15,0
0,1,0,0,349,348,4,0,0,85,0
0,2,0,0,726,28,23,1,0,110,0
0,1,0.090909091,0,879,667,5,1,0,22,0
0,2,0,0,3205,2377,282,0,0,115,0
0,1,0,0,543,327,1,0,0,0,0
0,2,0.5,0,10,91,0,0,1,0,0
0,1,0,0,90,147,0,0,1,18,0
0,2,0,0,223,495,3,0,1,0,0
0,1,0.142857143,0,75,77,0,0,0,71,0
0,2,0,0,25,28,1,0,0,35,0
0,1,0.2,0,661,498,1,0,0,43,0
0,3,0,0,832,644,1,0,1,27,0
0,2,0.4,0,7785,424,217,1,0,84,0
0,2,0.333333333,0,697,103,30,1,0,94,0
0,2,0,0,385,200,7,0,0,134,0
0,2,0,0,385,252,1,1,1,0,0
0,2,0,0,4910,1675,22,1,0,118,0
0,1,0,0,79,196,0,0,0,64,0
0,3,0,0,28,32,0,1,0,157,0
0,1,0,0,249,278,0,0,1,30,0
0,2,0,0,698,600,5,1,0,67,0
0,1,0.222222222,0,173,312,0,0,0,12,0
0,2,0.375,0,943,750,3,0,0,135,0
0,2,0,0,81,77,0,0,1,45,0
0,1,0,0,247,177,0,0,0,0,0
0,2,0,0,1651,1754,4,0,0,102,0
0,3,0,0,1233,1166,10,0,0,132,0
0,2,0,0,159,124,5,0,1,148,0
0,4,0,0,241,273,0,0,0,129,0
0,2,0.428571429,0,1401,1335,9,0,0,139,0
0,2,0,0,589,396,0,1,0,58,0
0,2,0,0,358,967,8,1,1,101,0
0,1,0.2,0,1193,351,25,1,0,158,0
0,2,0,0,136,116,0,0,0,45,0
0,3,0,0,157,388,3,1,0,139,0
0,3,0.363636364,0,120,64,1,1,0,77,0
0,1,0.333333333,0,1114,1292,14,1,0,147,0
0,1,0,0,348,389,4,1,0,95,0
0,2,0,0,93,385,0,0,0,39,0
0,1,0,0,235,112,0,1,1,108,0
0,1,0,0,399,402,3,1,0,73,0
0,3,0,0,71,56,3,1,0,77,0
0,2,0,0,763,97,18,1,0,38,0
0,1,0,0,244,246,3,0,1,20,0
0,1,0,0,281,421,1,1,0,17,0
0,4,0,0,2134,654,8,0,1,160,0
0,2,0,0,865,250,20,1,0,135,0
0,2,0,0,400,173,2,0,0,8,0
0,1,0.1,0,625,566,1,0,0,39,0
0,2,0,0,202,300,1,1,0,27,0
0,1,0,0,451,403,0,0,1,23,0
0,1,0,0,269,187,0,0,0,27,0
0,2,0,0,553,1856,8,1,0,125,0
0,1,0,0,170,143,2,0,1,0,0
0,2,0.1,0,884,250,10,0,0,142,0
0,1,0,0,192,175,0,0,0,16,0
0,1,0,1,254,292,1,0,1,15,0
0,1,0,0,285,205,1,0,0,15,0
0,1,0,0,53,272,1,0,0,0,0
0,2,0,0,344,335,4,0,0,48,0
0,1,0,0,701,708,0,0,0,159,0
0,2,0,0,87,195,3,0,1,26,0
0,1,0,0,142,129,0,0,1,0,0
0,2,0,0,650,348,1,0,1,14,0
0,3,0,0,415,481,1,0,0,91,0
0,1,0,0,689,470,26,0,0,107,0
0,1,0.25,0,108,155,0,0,1,62,0
0,3,0,0,651,744,4,0,0,91,0
0,2,0,0,220,1040,7,1,1,80,0
0,3,0,0,2544,262,4,0,0,104,0
0,2,0,0,631,213,12,1,0,42,0
0,1,0,0,451,268,9,0,0,97,0
0,2,0.181818182,0,389,297,0,0,1,23,0
0,1,0,0,1068,822,2,1,0,20,0
0,1,0,0,1953,1199,15,1,0,87,0
0,1,0,0,385,353,5,1,0,18,0
0,2,0.285714286,0,99,105,0,0,0,86,0
0,2,0,0,599,585,8,1,0,156,0
0,2,0,0,1878,1882,17,1,0,122,0
0,2,0,0,665,1168,16,0,0,127,0
0.166666667,1,0.166666667,0,462,272,10,1,1,143,0
0,2,0,0,32,114,3,1,0,159,0
0,1,0,0,422,326,7,0,0,97,0
0,2,0,0,1915,1804,72,1,0,159,0
0,2,0,0,100,214,1,1,0,79,0
0,2,0,0,23,102,0,0,1,0,0
0,3,0,0,592,254,3,1,0,49,0
0,1,0,0,486,305,1,0,1,18,0
0,4,0.444444444,0,167,351,4,1,0,139,0
0,2,0,0,1347,736,15,1,0,129,0
0,2,0.153846154,0,500,416,4,1,0,91,0
0,2,0.285714286,0,118,224,2,1,0,101,0
0,2,0,0,720,727,6,0,1,76,0
0,1,0,0,14,38,0,0,1,0,0
0,1,0,0,1439,755,3,0,0,150,0
0,2,0,0,175,116,0,1,0,37,0
0,1,0,0,1280,1985,5,1,0,67,0
0,2,0,0,508,892,15,0,0,101,0
0,1,0,0,280,337,0,0,0,0,0
0,3,0,1,790,159,18,0,1,41,0
0,2,0,0,15305,1543,132,1,0,154,0
0,2,0,0,121,231,0,0,1,139,0
0,1,0,0,61,52,1,0,1,28,0
0,2,1.142857143,0,34,351,0,0,1,0,0
0,3,0,0,298,243,3,0,0,4,0
0,1,0,0,7689,207,229,1,0,40,0
0,2,0,0,72,460,0,0,1,0,0
0,2,0,0,458,395,3,1,0,83,0
0,2,0,0,3491,3296,72,1,0,160,0
0,2,0,0,1045,350,20,0,0,134,0
0,2,0,0,788,405,16,0,1,132,0
0,2,0,0,147,138,4,0,0,100,0
0,2,0,0,3,50,0,0,0,0,0
0,1,0,0,536,397,0,0,0,70,0
0,2,0,0,462,290,15,1,0,157,0
0,3,0,0,417,258,0,0,0,42,0
0,2,0,0,314,290,1,0,1,157,0
0,2,0,0,62,95,0,0,0,2,0
0,2,0,0,101,230,0,0,1,0,0
0,1,0,0,247,838,3,0,0,92,0
0,2,0.166666667,0,604,296,0,1,0,89,0
0,1,0,0,220,198,0,0,1,57,0
0,1,0,0,286,127,2,0,0,25,0
0,2,0,0,55,65,1,0,0,108,0
0,2,0,0,344,318,6,1,0,111,0
0,1,0,0,369,259,0,1,0,26,0
0,1,0,0,6897,3735,1,0,0,52,0
0,2,0.142857143,0,363,306,1,0,1,67,0
0,1,0.222222222,0,252,234,7,1,0,49,0
0,1,0,0,169,342,1,0,1,82,0
0,2,0,0,41,154,0,0,1,64,0
0.111111111,1,0,0,321,231,1,0,0,72,0
0,1,0,0,35379,587,485,1,0,130,0
0,1,0,0,26,107,0,0,0,23,0
0,2,0,0,229,262,0,0,1,32,0
0,1,0,0,15171,210,174,1,0,90,0
0,2,0,0,334,912,0,1,0,56,0
0,1,0,0,28,98,0,0,1,0,0
0,2,0,0,166,233,0,0,1,75,0
0,2,0,0,204,115,4,1,0,102,0
0,1,0,0,1575,1601,21,0,0,9,0
0,3,0,0,844,1416,24,0,0,137,0
0,2,0.4,0,74,121,0,0,1,50,0
0,1,0,0,495,628,16,0,0,158,0
0,1,0,0,370,548,1,0,1,47,0
0,2,0,0,662,208,19,0,0,69,0
0,2,0,0,148,134,0,1,0,16,0
0,1,0,0,423,261,4,0,0,18,0
0,3,0.2,0,1087,1096,0,0,1,126,0
0,1,0,0,157,168,0,0,0,41,0
0,1,0,0,76,158,1,0,0,31,0
0,3,0,0,5169,3418,218,0,0,159,0
0,1,0,0,841,482,1,0,0,60,0
0,2,0.5,0,2418,2465,90,0,0,158,0
0,1,0,0,8,24,0,0,1,118,0
0,3,0,0,3656,238,14,1,0,118,0
0,2,0,0,60,223,0,0,0,74,0
0,1,0,0,380,155,0,1,0,42,0
0,2,0,0,1767,120,14,1,1,83,0
0,3,0,0,672,717,4,0,1,43,0
0,3,0,0,520,1302,1,1,1,105,0
0,1,0.5,1,552,427,0,0,0,12,0
0,2,0.4,0,384,187,2,0,0,138,0
0,2,0.333333333,0,1940,305,180,1,0,106,0
0,2,0,0,187,152,2,1,0,156,0
0,2,0,0,165,647,5,1,0,159,0
0,1,0,0,527,1778,15,1,0,160,0
0,2,0,0,296,435,0,0,0,18,0
0,2,0,0,165,574,1,0,1,32,0
0,1,0,0,169,313,1,1,1,61,0
0,3,0,0,274,635,7,0,1,0,0
0,2,0,0,341,294,0,1,1,41,0
0,1,0,0,148,258,0,0,1,12,0
0,2,0,0,196,134,0,0,1,6,0
0,1,0,0,616,604,6,0,0,21,0
0,1,0,0,93,210,1,1,0,48,0
0,2,0,1,1471,1977,52,1,0,99,0
0,1,0.153846154,0,351,422,0,0,1,23,0
0,2,0,0,108,151,0,0,1,0,0
0,1,0,0,1249,1724,56,1,0,160,0
0,1,0,0,473,457,2,0,0,89,0
0,1,0,0,1357,520,17,0,0,61,0
0,1,0,0,244,242,3,0,0,25,0
0,1,0,0,189,206,1,0,0,5,0
0,2,0,0,641,426,1,0,0,133,0
0,1,0,0,49,205,0,0,0,88,0
0,1,0.25,0,510,322,2,0,0,0,0
0,2,0.25,0,41,219,0,0,0,0,0
0,2,0,0,1962,1094,7,1,0,122,0
0,1,0,0,167,156,1,0,0,0,0
0,2,0.25,0,22,301,0,1,0,127,0
0.5,2,0,0,1592,1303,19,1,0,130,0
0,2,0,0,13,51,1,0,1,31,0
0,2,0,0,836,688,1,0,0,83,0
0,1,0,0,1712,1009,10,0,0,43,0
0,2,0,0,1331,1943,44,1,0,93,0
0,2,0,0,1242,1999,3,1,0,21,0
0,1,0,0,1236,624,9,0,0,101,0
0,1,0,0,433,288,0,1,0,12,0
0,3,0,0,1203,2001,4,0,0,160,0
0,1,0,0,326,264,0,0,0,13,0
0,2,0,0,1008,1756,66,1,1,142,0
0,2,0,0,1477,908,1,0,1,0,0
0,2,0,0,372,547,6,0,0,22,0
0,1,0.111111111,0,244,275,1,0,1,0,0
0,2,0,0,302,275,2,0,1,86,0
0,2,0,0,122,435,1,1,1,73,0
0,2,0,0,193,191,0,0,0,0,0
0,2,0,0,491,208,1,0,1,100,0
0,2,0.181818182,0,171,129,0,0,1,29,0
0,3,0.153846154,0,370,330,1,0,1,38,0
0,1,0,0,349,333,1,0,0,70,0
0,1,0.181818182,1,53,186,0,1,1,0,0
0,3,0,0,374,372,15,1,0,78,0
0,2,0.181818182,0,23,84,0,0,1,160,0
0,3,0,0,330,336,7,1,0,145,0
0,3,0,0,41442,4967,80,1,0,159,0
0,2,0,0,315,317,3,0,0,57,0
0,2,0,0,746,237,25,1,0,146,0
0,2,0.285714286,0,221,265,1,0,0,34,0
0,1,0,0,158,347,2,1,1,62,0
0,1,0,0,2856,265,24,1,0,0,0
0,2,0,0,52287,209,1342,1,0,125,0
0,1,0,0,1824,758,8,0,1,18,0
0,2,0.166666667,0,572,481,0,0,1,52,0
0,1,0,0,4056,101,3,1,0,72,0
0,4,0,0,183,221,2,0,0,160,0
0,2,0,0,56,216,1,0,1,0,0
0,1,0,0,168,212,0,0,1,19,0
0,2,0,0,1577,678,47,1,0,105,0
0,1,0.4,0,308,149,0,0,0,0,0
0.076923077,5,0.111111111,0,27856,756,605,1,0,59,0
0,2,0.285714286,0,309,421,0,0,0,84,0
0,3,0,0,1155,809,3,1,0,26,0
0,2,0,0,135,327,2,0,0,111,0
0,1,0,0,195,863,1,0,0,0,0
0,2,0,1,118,109,0,0,0,38,0
0,2,0,0,1450,1798,41,1,1,142,0
0,1,0.6,0,1080,1996,3,0,0,160,0
0,1,0,0,550,377,14,1,0,76,0
0,1,0,0,647,198,2,0,0,0,0
0,2,0,1,15,49,0,0,1,0,0
0,1,0,0,73,71,0,0,0,44,0
0,1,0,0,147,171,1,0,1,0,0
0,1,0,0,439,564,23,1,0,156,0
0,1,0,0,1050,145,35,0,0,45,0
0,3,0,0,85,179,0,0,1,75,0
0,1,0,0,1293,1226,6,0,0,67,0
0,2,0,0,144,185,0,0,1,31,0
0,2,0,0,423,427,21,1,0,140,0
0,2,0,0,394,1012,5,0,0,156,0
0,2,0,0,57,185,1,0,0,122,0
0,4,0,0,331,261,1,0,0,26,0
0,2,0,0,465,272,1,0,0,64,0
0,2,0,0,101,173,0,0,1,84,0
0,1,0,0,54,97,1,1,1,99,0
0,2,0,0,289,215,26,0,0,88,0
0,2,0,0,986,658,40,1,0,88,0
0,2,0,0,41,284,1,0,0,0,0
0,1,0,0,255,169,0,0,1,53,0
0,2,0,0,359,441,1,0,0,18,0
0,2,0,0,558,354,3,0,0,25,0
0,1,0.285714286,0,280,285,3,0,1,55,0
0,1,0,0,333,272,0,0,1,8,0
0,2,0.090909091,0,134,425,1,0,0,100,0
0,2,0,0,202,258,18,1,0,138,0
0,2,0,0,1187,434,4,0,0,90,0
0,1,0,0,195,135,1,0,0,44,0
0,2,0,0,549,307,2,0,0,157,0
0,2,0,0,133,98,0,1,0,28,0
0,1,0,0,256,313,0,0,0,42,0
0,2,0,0,245,151,2,1,0,133,0
0,2,0,0,1059,713,42,1,1,123,0
0,2,0,0,1261,1147,18,0,0,97,0
0,1,0.222222222,0,363,342,9,0,0,21,0
0,2,0,0,137,177,0,1,0,138,0
0,3,0,0,189,231,3,0,0,90,0
0,1,0,0,224,302,7,1,0,89,0
0,2,0,0,333,324,3,0,0,22,0
0,3,0,0,3913,165,96,1,1,92,0
0,2,0,0,51,382,4,1,0,136,0
0,1,0,0,69,35,3,0,0,0,0
0,1,0,0,285,341,0,1,0,41,0
0,2,0.083333333,0,2,20,0,0,1,0,0
0,1,0.083333333,0,205,529,0,0,1,47,0
0,1,0.181818182,0,304,194,1,0,0,14,0
0,2,0,0,315,253,1,0,1,11,0
0,2,0,0,691,458,12,0,0,159,0
0,2,0,0,305,211,7,1,0,156,0
0,2,0,0,1734,511,38,0,0,107,0
0,1,0,0,563,1670,4,0,0,16,0
0,2,0,0,973,1165,41,1,0,90,0
0,5,0,0,840,1242,19,1,0,118,0
0,2,0,0,153,97,8,1,0,29,0
0.066666667,3,0.4,0,162,168,1,0,0,101,0
0,2,0.090909091,0,1175,851,4,0,1,22,0
0,2,0,0,523,495,0,0,1,98,0
0,1,0,0,26,62,0,0,1,15,0
0,1,0,0,191,189,0,0,0,10,0
0,2,0,0,689,464,0,0,0,73,0
0,2,0.222222222,0,15,49,0,0,1,95,0
0,2,0.2,0,312,709,4,0,0,122,0
0,2,0,0,1263,774,4,0,1,1,0
0,1,0,0,503,493,5,0,1,86,0
0,1,0,0,126,63,3,0,0,98,0
0,2,0.181818182,0,482,99,1,0,1,15,0
0,2,0.111111111,0,113,167,0,0,1,114,0
0,2,0,0,2621,1105,69,1,0,93,0
0,1,0,0,350,106,35,0,1,30,0
0,2,0,0,1149,1995,61,1,0,149,0
0,2,0,0,60,116,0,0,1,2,0
0,1,0,0,576,323,6,1,0,70,0
0,3,0,0,237,187,3,0,0,155,0
0,3,0,0,22452,24691,492,1,0,156,0
0,2,0,0,1070,357,12,1,0,154,0
0,3,0,0,77,72,1,1,1,50,0
0,2,0,0,453,672,6,1,0,112,0
0,2,0.166666667,0,1118,755,3,0,0,158,0
0,2,0,0,86,207,1,0,1,0,0
0,3,0,0,24,148,0,0,1,40,0
0,2,0.444444444,0,331,622,0,0,0,144,0
0,2,0,0,1249,1746,64,1,0,144,0
0,3,0.666666667,0,397,496,0,1,1,14,0
0,1,0,0,382,393,4,1,1,38,0
0,1,0,0,67,157,0,0,1,35,0
0,1,0,0,455,393,1,0,0,6,0
0,2,0.2,0,384,345,5,0,0,123,0
0,3,0,0,124,304,2,1,1,37,0
0,1,0.333333333,0,31,117,0,0,0,0,0
0,1,0,0,765,961,1,0,1,14,0
0,1,0,0,344,434,12,1,0,99,0
0,2,0,0,82,579,2,0,0,33,0
0,1,0.2,0,143,569,1,0,0,37,0
0,2,0,0,687,600,3,0,0,69,0
0,3,0,0,330,71,3,1,0,135,0
0.333333333,1,0.166666667,0,1086,256,4,1,0,74,0
0,2,0,0,710,373,6,1,0,6,0
0,1,0,0,609,1493,11,1,1,68,0
0,2,0.5,1,808,985,36,0,0,160,0
0,1,0,0,4326,231,24,1,0,33,0
0,2,0,0,220,310,1,0,0,0,0
0,2,0,0,4411,841,14,0,0,78,0
0,2,0.666666667,0,275,1260,4,0,0,0,0
0,2,0,0,2736,2247,7,1,0,0,0
0,1,0,0,716,610,1,0,0,20,0
0,3,0,0,548,492,3,1,0,60,0
0,3,0,0,606,270,39,1,0,101,0
0,2,0.166666667,0,249,271,1,0,1,61,0
0,2,0,0,13,49,0,1,1,109,0
0,3,0,0,103,196,0,0,0,48,0
0.166666667,1,0,0,583,407,0,1,0,65,0
0,2,0,0,410,277,0,0,1,0,0
0,2,0,0,271,261,6,1,0,61,0
0,2,0,0,1029,552,73,1,0,132,0
0,1,0.125,0,171,212,1,1,0,13,0
0,2,0,0,59,124,0,0,1,20,0
0,3,0,0,243,304,4,1,0,125,0
0,1,0.076923077,0,390,376,1,0,0,77,0
0,3,0,0,123,340,0,0,0,34,0
0,2,0.166666667,0,78,13,4,0,0,0,0
0,3,0,0,3,36,0,0,0,160,0
0,3,0,0,938,771,15,1,0,109,0
0,2,0.375,0,32,33,2,0,0,17,0
0,2,0.090909091,0,515,846,10,1,0,107,0
0,1,0.111111111,0,637,915,0,0,0,34,0
0,1,0,0,758,971,0,0,1,38,0
0,1,0,0,307,281,2,0,0,28,0
0,3,0,0,143,124,0,0,0,151,0
0,2,0,0,473,448,8,1,0,158,0
0,1,0.333333333,0,126,158,1,0,0,0,0
0,1,0,0,1732,1094,110,0,0,22,0
0,1,0,0,590,894,12,1,0,21,0
0,2,0.142857143,0,1199,795,1,0,1,4,0
0,1,0,0,578,185,13,1,0,148,0
0,4,0,0,1266,2001,9,0,0,0,0
0,1,0,0,1478,538,29,1,0,122,0
0,1,0,0,3877,4241,128,0,1,159,0
0,2,0.083333333,0,491,497,9,0,1,78,0
0,2,0,0,315,311,0,0,0,53,0
0,1,0,0,951,1011,55,0,1,0,0
0,3,0,0,2474,224,77,1,0,122,0
0,2,0,0,140,159,0,0,0,28,0
0,3,0,0,407,420,4,0,0,119,0
0,2,0.2,0,283,225,1,0,1,38,0
0,1,0,0,450,426,7,0,0,113,0
0,1,0,0,1098,525,68,1,0,28,0
0,3,0,0,182,120,1,1,1,81,0
0,2,0.166666667,0,230,222,2,0,1,53,0
0,1,0,0,582,575,0,1,0,33,0
0,3,0,0,18,19,2,1,0,64,0
0,1,0,0,863,2002,84,1,0,160,0
0,2,0.4,0,1818,1985,41,0,0,155,0
0,2,0,0,232,236,1,1,0,97,0
0,1,0,0,586,297,0,0,0,17,0
0,1,0,0,469,325,0,0,0,20,0
0,3,0,0,51,71,0,0,1,0,0
0,2,0,0,270,171,12,0,0,29,0
0,2,0,0,219,309,3,0,0,102,0
0,2,0.166666667,0,1994,496,29,1,0,112,0
0,2,0,0,107,640,5,1,0,121,0
0,2,0.5,0,465,538,1,1,0,74,0
0,4,0.428571429,0,2134,1594,16,0,0,48,0
0,1,0.222222222,0,428,467,0,0,0,62,0
0,1,0,0,1333,826,2,0,0,39,0
0,2,0,0,1415,2036,125,1,0,58,0
0,2,0,0,345,219,4,0,0,0,0
0,1,0,0,309,13,0,0,0,159,0
0,1,0,0,1103,642,32,0,0,124,0
0,2,0,0,104,102,6,1,0,139,0
0,2,0,0,86922,622,614,1,0,122,0
0,2,0,0,7665,2576,23,0,0,38,0
0,1,0,0,22,407,1,1,0,113,0
0,1,0,0,117,247,1,0,0,144,0
0,2,0,0,219,518,7,0,0,33,0
0,2,0,0,15,28,0,1,0,0,0
0,1,0,0,523,172,3,0,0,24,0
0,4,0.25,0,97,158,0,0,0,116,0
0,1,0.75,0,230,125,1,1,1,0,0
0,1,0,0,177,239,2,0,1,45,0
0,2,0,0,1282,838,11,0,0,109,0
0,1,0,0,50,57,3,1,0,142,0
0,3,0,0,1057,484,6,1,0,22,0
0,1,0,0,1061,313,25,1,0,123,0
0,2,0,0,190,218,1,1,0,125,0
0,4,0,0,938,878,3,1,0,126,0
0,4,0.076923077,0,449,369,7,1,0,145,0
0,2,0,0,113,97,6,0,0,23,0
0,2,0.083333333,0,404,396,1,0,1,10,0
0,2,0,0,1234,1996,26,0,0,102,0
0,2,0,0,620,468,1,0,0,20,0
0,2,0,0,511,231,1,1,0,44,0
0,1,0,0,127,148,1,0,1,0,0
0,2,0,0,564,1085,21,1,0,56,0
0.8,1,1,0,56,255,1,0,1,32,0
0,2,0,0,2506,1991,194,1,0,153,0
0,2,0.222222222,0,564,169,0,0,0,17,0
0,1,0,0,46,163,1,0,0,130,0
0,3,0.1,0,170,295,0,0,0,45,0
0,1,0,0,1216,842,9,0,0,10,0
0,1,0.666666667,0,89,147,7,1,1,74,0
0.083333333,2,0.1,0,81,92,0,0,1,23,0
0,1,0,0,72,229,0,0,1,19,0
0,1,0.333333333,0,226,419,3,1,0,27,0
0,2,0.375,0,557,998,14,1,0,147,0
0.058823529,2,0.142857143,0,459,198,2,1,0,78,0
0,2,0,0,486,591,11,1,0,77,0
0,2,0,0,204,1221,2,1,1,86,0
0,1,0.111111111,0,22513,15257,28,1,0,118,0
0,1,0,0,489,102,0,1,0,26,0
0,2,0.153846154,0,452,389,1,0,1,44,0
0,2,0.375,0,20,67,0,1,1,63,0
0,2,0,0,78,712,1,0,0,40,0
0,2,0,0,408,411,2,0,0,0,0
0,2,0.375,0,337,346,0,0,0,51,0
0,1,0,0,240,175,1,0,0,4,0
0,1,0,0,341,322,2,0,0,73,0
0,2,0.125,0,4825,4572,30,0,0,160,0
0,2,0,0,378,624,4,1,0,138,0
0,1,0,0,60,100,0,0,1,119,0
0,1,0.5,0,241,345,1,0,0,145,0
0,1,0,0,1512,1030,15,1,0,63,0
0,2,0,0,33,82,6,1,0,78,0
0,1,0,0,1037,1179,4,0,0,42,0
0,2,0,0,92,215,8,1,0,156,0
0,1,0,0,466,186,1,0,0,99,0
0,1,1.25,0,60,180,1,0,1,123,0
0,1,0,0,495,516,10,1,0,55,0
0,2,0.8,0,227,453,1,0,0,151,0
0,2,0,0,342,334,1,0,1,54,0
0,2,0,0,136,156,0,0,1,36,0
0,1,0,0,285,100,1,0,1,103,0
0,1,0,0,187,180,7,1,0,160,0
0,1,0,0,2166,1996,3,1,0,75,0
0,2,0,0,491,886,16,1,0,140,0
0,2,0,0,117,373,5,1,0,119,0
0,3,0,0,2032,736,4,0,0,30,0
0,1,0,0,876,410,16,1,0,54,0
0,1,0,0,29,109,0,0,1,62,0
0,1,0,0,286,47,2,1,0,20,0
0,1,0,0,183,300,1,1,1,71,0
0,2,0,0,267,241,2,0,0,136,0
0,2,0,0,399,99,3,1,0,96,0
0,2,0,0,375,162,7,0,0,160,0
0,3,0,0,1227,273,5,1,0,26,0
0,2,0,0,69,102,0,0,1,0,0
0,2,0.8,0,5,14,0,0,0,12,0
0,3,0,0,6,2,1,1,0,64,0
0,2,0,0,319,469,4,1,0,68,0
0,1,0,0,2681,2700,94,0,0,160,0
0,1,0,0,289,320,1,0,1,61,0
0,4,0,0,992,1064,1,0,0,111,0
0,3,0,0,1375,1079,98,1,0,134,0
2.5,1,0,0,247,980,3,0,1,0,0
0,1,0,0,29139,906,1277,1,0,114,0
0,1,0,0,2313,441,93,1,1,160,0
0,2,0,0,109,81,0,1,0,66,0
0,1,0,0,1117,142,4,1,0,85,0
0,3,0,0,304,189,0,0,1,124,0
0,3,0,0,794,645,5,0,0,19,0
0,1,0,0,359,248,0,0,1,36,0
0,1,0,0,351,135,1,0,0,118,0
0,3,0.5,0,387,1217,3,0,1,6,0
0,2,0.076923077,0,135,108,0,1,1,155,0
0,2,0,0,144,387,9,1,0,133,0
0,2,0,0,358,225,0,0,1,0,0
0,1,0,0,1639,1997,39,0,0,40,0
0,2,0,0,46,183,0,0,1,9,0
0,2,0.8,0,6375,6995,153,0,1,124,0
0,3,0,0,385,278,4,1,0,154,0
0,2,0,0,317,629,1,0,0,149,0
0,1,0,1,967,1003,49,1,0,120,0
0,1,0,0,14844,139,145,1,0,22,0
0,1,0,0,250,422,1,0,0,25,0
0,2,0.6,0,36,229,0,0,1,43,0
0,4,0,0,1604,141,20,1,0,127,0
0,2,0.090909091,0,429,1989,6,1,1,121,0
0.307692308,3,0,0,628,604,2,0,1,12,0
0,2,0,0,581,316,0,0,0,152,0
0,2,0,0,664,526,4,0,0,42,0
0,2,0,0,141,311,2,0,1,41,0
0,1,0,0,806,723,39,0,0,101,0
0,2,0,0,1860,1968,4,0,1,121,0
0,1,0.25,0,263,168,3,1,0,64,0
0,1,0,0,524,397,1,1,1,17,0
0,1,0,0,642,675,5,0,0,62,0
0,4,0,0,277,417,6,0,0,84,0
0,3,0,0,614,1170,13,1,0,146,0
0,1,0,0,111,85,0,0,0,40,0
0,2,0,0,82,157,8,0,0,86,0
0,1,0,0,377,367,1,1,0,111,0
0,2,0,0,1685,1048,1,1,0,48,0
0,1,0.4,0,106,153,1,0,0,0,0
0,1,0,0,193,78,2,0,0,104,0
0,1,0.285714286,0,85,144,5,0,0,80,0
0,2,0.2,0,144,187,0,0,1,74,0
0,2,0,0,164,154,0,0,0,42,0
0,1,0,0,393,195,5,1,0,78,0
0,1,0,0,193,80,2,1,0,34,0
0,1,0,0,1574,1427,13,0,0,40,0
0,1,0,0,188,216,1,0,1,0,0
0,1,0,0,374,1032,3,1,0,60,0
0,2,0,0,482,240,0,0,1,29,0
0,2,0.333333333,0,193,184,0,0,0,55,0
0,1,0,0,4143,2518,3,1,0,0,0
0,2,0,0,1745,1997,30,0,1,140,0
0,1,0,0,90,536,3,0,0,59,0
0.181818182,3,0,0,1466,1321,1,0,0,85,0
0,2,0,0,26,76,0,0,1,0,0
0,1,0,0,442,289,1,0,0,73,0
0,2,0,0,42,55,1,1,0,0,0
0,3,0,0,189,129,1,0,0,83,0
0,1,0,0,1102,1,16,1,0,28,0
0,2,0.222222222,0,95,112,1,0,1,63,0
0,2,0,0,45,74,0,0,0,0,0
0,1,0.2,0,483,241,2,0,1,80,0
0,2,0.25,0,274,1150,7,1,0,158,0
0,2,0,0,1299,2001,37,1,0,91,0
0,1,0,0,235,249,9,0,1,94,0
0,2,0,0,1339,483,0,1,0,33,0
0,1,0.285714286,0,203,18,3,1,1,2,0
0,2,0.125,0,1423,1360,9,0,0,51,0
0,2,0.1,0,212,400,0,0,1,21,0
0,3,0,0,362,487,0,0,1,107,0
0,2,0,0,435,375,0,0,1,54,0
0,2,0,0,204,459,11,1,0,87,0
0,1,0.333333333,0,4685,4647,118,1,0,124,0
0,1,0,0,118,98,3,1,0,128,0
0,2,0,0,334,223,2,0,0,18,0
0,1,0,0,1532,517,9,0,0,147,0
0,2,0.076923077,0,484,839,1,1,0,57,0
0,2,0,0,806,659,1,0,1,57,0
0,2,0.142857143,0,499,506,0,0,1,24,0
0,1,0,0,385,194,2,0,1,113,0
0,2,0,0,24,34,0,0,1,0,0
0,2,0,0,191,257,6,0,0,104,0
0,2,0,0,59178,32791,2083,1,0,154,0
0,2,0,0,380,333,1,1,0,78,0
0,2,0,0,227,786,3,0,0,157,0
0,1,0,0,198,288,6,0,0,125,0
0,1,0,0,777,587,1,0,0,6,0
0,2,0,0,39,53,0,0,1,0,0
0,1,0,0,144,193,0,0,0,0,0
0,1,0,0,1238,1108,3,1,1,133,0
0,2,0.111111111,0,712,859,22,1,0,116,0
0,1,0,0,60,119,0,0,0,0,0
0,2,0,0,2084,1028,45,1,0,158,0
0,2,0.181818182,0,152,320,0,0,1,113,0
0,1,0,0,159,273,1,1,1,98,0
0,3,0,0,592,392,2,0,0,0,0
0,1,0,0,326,303,9,1,0,82,0
0,2,0,0,36,71,0,1,0,150,0
0,2,0,0,594,731,26,0,0,112,0
0,2,0,0,3152,2522,86,1,0,120,0
0,3,0,0,789,271,5,1,0,159,0
0,1,0,0,23717,189,107,0,0,30,0
0,1,0,0,15,101,0,0,1,0,0
0,1,0,0,211,700,8,1,0,69,0
0,2,0,0,1706,653,2,0,1,37,0
0.181818182,4,0,0,1377,209,10,1,0,153,0
0,3,0,0,344,201,2,1,0,157,0
0,1,0,0,79,262,3,0,0,32,0
0,2,0,1,147,466,0,0,0,129,0
0,3,0,0,2317,1130,78,1,0,137,0
0,2,0,,474,255,9,1,0,103,0
0,2,0,,71,187,0,0,1,52,0
0,1,0.6,,398,584,1,0,0,36,0
0,1,0,,68,68,2,1,0,72,0
0,1,0,,1301,993,64,1,0,108,0
0,2,0,,408,244,0,0,0,124,0
0,4,0.272727273,,2622,2183,2,1,0,158,0
0,1,0,,199,67,1,0,0,127,0
0,2,0,,1028,97,10,1,1,108,0
0,2,0,,106,142,1,1,0,75,0
0,2,0,,205,400,0,0,0,51,0
0,2,0,,1201,1679,24,0,1,146,0
0.2,1,0.2,,1112,1549,25,1,0,160,0
0,3,0,,361,82,2,1,0,21,0
0,1,0.153846154,,64,119,0,1,0,35,0
0,3,0,,931,266,27,1,0,147,0
0,2,0,,989,931,45,1,1,114,0
0,3,0,,5,4,0,0,1,0,0
0,2,0,,309,470,0,0,0,85,0
0,3,0,,1432,592,71,1,0,131,0
0.25,1,0,,50,143,2,0,0,107,0
0,1,0,,479,2001,1,1,0,40,0
0,2,0,,384,667,2,0,0,158,0
0,1,0,,486,599,14,1,0,12,0
0,1,0,,1131,104,16,1,1,9,0
0,1,0,,930,282,7,0,0,40,0
0,1,0,,592,41,6,1,1,159,0
0,1,0.2,,101,166,0,0,0,0,0
0.142857143,1,0.142857143,,243,429,2,0,0,0,0
0,2,0,,287,419,8,0,0,108,0
0,1,0,,1645,1911,17,0,0,106,0
0,1,0,,571,1991,11,1,0,158,0
0,2,0.25,,631,621,0,0,0,10,0
0,1,0.428571429,,424,491,0,1,0,100,0
0,1,0,,210,693,2,0,1,12,0
0,2,0.181818182,,155,179,0,1,1,0,0
0,2,0,,104,64,3,0,0,89,0
0,1,0.25,,256,564,0,0,0,59,0
0,2,0,,1547,833,43,1,0,35,0
0.75,1,0.75,,54,154,6,1,0,160,0
0,2,0,,193,153,1,0,1,76,0
0,2,0,,332,479,1,0,1,27,0
0,3,0,,257,86,30,1,0,128,0
0,1,0,,210,262,2,0,0,126,0
0,1,0,,567,251,2,0,0,27,0
0,1,0,,341,971,3,0,0,13,0
0,1,0,,480,442,0,0,1,43,0
0,3,0,,1380,1232,2,1,0,10,0
0,2,0,,92,84,0,0,0,0,0
0,2,0,,226,750,7,0,0,45,0
0,2,0,,344,572,1,0,1,13,0
0,1,0,,189,186,6,1,0,80,0
0,1,0.2,,123,113,1,1,1,18,0
0,2,0,,249,61,1,0,1,47,0
0,3,0,,93,227,0,0,0,51,0
0,4,0.166666667,,463,675,2,0,0,40,0
0.333333333,1,0,,415,392,1,0,1,34,0
0,2,0,,1461,1448,73,1,0,92,0
0,2,0,,103,460,9,0,0,54,0
0,2,0,,373,1716,4,0,0,22,0
0,2,0,,1467,363,2,0,0,66,0
0,2,0,,268,265,6,0,0,53,0
0,1,0,,817,132,4,1,0,140,0
0,2,0,,229,163,1,0,0,140,0
0,2,0,,42,32,0,0,1,126,0
0,1,0,,341,185,4,0,0,7,0
0,2,0,,72,49,0,0,1,43,0
0,2,0.181818182,,50,141,1,0,1,137,0
0,3,0,,497,825,6,0,0,151,0
0,2,0,,237,439,1,0,0,15,0
0,3,0,,1110,997,10,1,0,0,0
0.125,1,0,,226,227,0,0,0,0,0
0,1,0.285714286,,173,196,0,0,1,101,0
0,1,0,,345,731,0,0,1,20,0
0,3,0,,21,56,0,0,0,0,0
0,2,0,,372,260,1,0,1,15,0
0,2,0,,225,441,1,0,0,131,0
0,2,0.333333333,,193,173,0,0,1,0,0
0,1,0,,6721,277,5,0,0,159,0
0,1,0.333333333,,331,774,2,0,1,73,0
0,2,0,,5821,5133,234,0,0,151,0
0,2,0,,241,197,1,0,1,14,0
0,2,0,,647,672,0,0,1,43,0
0,1,0.5,,191,194,1,0,0,0,0
0,2,0,,7,28,0,0,0,0,0
0,3,0,,296,625,9,1,0,160,0
0,1,0,,1277,1202,0,1,0,18,0
0,2,0,,639,559,22,0,0,70,0
0,1,0,,61,185,6,1,0,154,0
0,1,1,,214,101,9,0,0,51,0
0,1,0.8,,35,131,0,0,1,18,0
0,1,0,,2912,804,83,1,0,160,0
0,2,1.5,,17,74,0,0,0,0,0
0,3,0,,100,103,3,1,0,11,0
0,2,0,,6021,5032,218,1,0,150,0
0,1,0,,614,551,2,0,0,26,0
0,2,0,,358,315,22,0,0,159,0
0,1,0,,228,406,0,0,0,70,0
0,1,0.285714286,,508,1158,7,0,1,20,0
0,2,0,,159,154,3,0,1,99,0
0,2,0,,28,374,2,1,0,10,0
0,2,0,,1400,402,15,1,1,151,0
0,2,0,,1151,1125,25,1,0,103,0
0,1,0.1,,1711,677,1,0,1,33,0
0,1,0.4,,340,301,1,0,1,38,0
0,1,0,,328,178,8,0,0,14,0
0,2,0.125,,348,317,0,0,0,0,0
0,1,0,,34,73,1,0,1,0,0
0,1,0.25,,246,172,0,0,1,0,0
0,3,0,,247,603,2,1,0,142,0
0,1,0,,176,137,1,0,0,48,0
0,1,0,,59,74,1,0,0,27,0
0,2,0.166666667,,308,555,3,0,1,61,0
0,1,0,,472,321,0,0,0,42,0
0,2,0,,66,1024,1,0,0,0,0
0,3,0,,153,35,24,1,0,72,0
0,1,0,,257,274,1,0,1,37,0
0,2,0.2,,961,1397,21,0,0,151,0
0,1,0.4,,100,680,3,0,0,55,0
0,2,0,,670,1223,18,1,0,47,0
0,2,0,,440,815,9,1,0,160,0
0,2,0.5,,281,651,3,0,0,159,0
0,3,0,,19,104,4,1,0,158,0
0,1,0,,460,346,0,1,1,22,0
0,2,0.333333333,,222,210,0,0,1,134,0
0,2,0.428571429,,455,1678,5,0,0,84,0
0,3,0,,178,564,7,0,0,145,0
0,2,0,,151,150,1,0,0,32,0
0,1,0,,700,596,0,0,0,43,0
0,1,0,,91,125,1,1,0,84,0
0,1,0,,525,301,2,1,0,155,0
0,2,0,,2011,970,10,1,0,43,0
0,1,0,,155,536,4,0,0,0,0
0,1,0,,3226,284,51,0,0,0,0
0,2,0,,287,237,0,0,1,0,0
0,1,0,,546,266,7,0,0,29,0
0,3,0,,1066,961,3,1,0,120,0
0,2,0,,767,175,9,0,0,86,0
0,1,0,,139,133,0,0,1,0,0
0,2,0,,577,582,2,1,1,11,0
0,1,0,,717,638,0,0,0,22,0
0,2,0,,1808,858,45,1,0,159,0
0,1,0.083333333,,5248,1780,27,1,0,116,0
0,1,0.111111111,,289,430,2,1,0,111,0
0,3,0,,349,342,1,1,0,159,0
0,3,0.333333333,,343,320,2,0,0,108,0
0,2,0,,111,839,5,0,1,153,0
0,2,0,,12478,1131,306,0,0,158,0
0,1,0,,1029,765,1,0,0,7,0
0,2,0,,27,63,0,0,0,53,0
0,1,0,,323,204,4,0,1,16,0
0,2,0,,1756,45,37,1,0,107,0
0,1,0,,233,196,0,0,1,30,0
0,1,0,,234,45,5,0,0,28,0
0,1,0,,245,49,3,0,0,147,0
0,2,0,,103,9,4,0,1,117,0
0,2,0,,924,1130,1,0,1,83,0
0,2,1.142857143,,1653,1879,2,0,1,47,0
0,2,0,,150,284,0,0,0,90,0
0,1,0,,72,471,3,0,1,0,0
0,1,0,,151,137,0,1,1,39,0
0,1,0,,223,223,0,0,0,18,0
0,1,0,,282,197,4,0,0,110,0
0.4,1,0.222222222,,150,256,1,0,1,45,0
0,2,0.111111111,,5,73,0,0,1,0,0
0,2,0,,209,315,1,0,0,16,0
0,2,0,,49,87,1,0,0,62,0
0,1,0,,644,273,11,0,0,152,0
0,1,0,,273,286,0,0,1,0,0
0,1,0.090909091,,91,187,0,0,1,80,0
0,1,0,,509,381,0,0,1,6,0
0,1,0,,292,232,4,1,0,73,0
0,1,0,,1625,1054,4,1,0,35,0
0,2,0,,56,25,0,0,1,0,0
0,3,0,,11,14,1,0,0,62,0
0,2,0,,113,173,3,0,0,54,0
0,2,0,,93,304,0,1,0,62,0
0,2,0,,252,376,0,0,1,52,0
0,1,0.222222222,,212,449,4,0,0,36,0
0,2,0.222222222,,495,574,2,0,1,7,0
0,1,0,,236,223,2,1,0,25,0
0,2,0,,611,305,4,1,0,21,0
0,1,0,,309,306,0,0,0,77,0
0,2,0,,490,510,1,0,1,20,0
0,2,0.181818182,,289,543,0,0,0,103,0
0,2,0.25,,763,2004,1,0,1,80,0
0,2,0,,221,308,1,1,0,8,0
0,2,0,,235,570,6,0,0,46,0
0,1,0,,864,574,1,0,0,66,0
0,3,0,,180,548,6,1,0,123,0
0,1,0,,26,22,1,0,0,56,0
0,2,0,,172,154,0,1,0,54,0
0,1,0.083333333,,1083,640,0,0,0,0,0
0.066666667,5,0,,4956,2652,244,1,0,153,0
0,3,0,,254,230,1,0,0,76,0
0,2,0,,371,722,3,1,0,151,0
0,1,0,,94,108,2,1,0,58,0
0,2,0.5,,129,236,1,0,0,0,0
0,2,0,,2282,1787,4,0,0,12,0
0,2,0,,249,196,0,0,1,34,0
0,2,0,,1073,428,6,0,0,18,0
0,3,0,,243,297,6,0,0,58,0
0,1,0.4,,201,178,1,0,1,112,0
0,2,0,,1824,499,14,1,1,126,0
0,1,0,,5273,3059,7,0,0,16,0
0,3,0,,633,387,1,0,1,32,0
0,2,0,,278,126,3,1,1,116,0
0,2,0,,853,875,16,0,0,69,0
0,2,0,,670,672,4,0,0,55,0
0,2,0,,178,227,6,0,1,65,0
0,2,0,,1487,726,79,1,0,123,0
0,1,0,,457,232,3,0,0,60,0
0,2,0,,11,69,0,0,0,0,0
0,2,0,,32,189,2,1,0,44,0
0,2,0,,97,296,1,0,0,15,0
0,1,0,,239,431,3,1,0,100,0
0.666666667,1,0,,126,194,1,1,0,20,0
0,2,0,,540,1549,8,0,0,21,0
0,1,0,,117,214,0,0,1,33,0
0,1,0,,776,604,0,0,0,31,0
0,2,0,,398,319,10,0,0,74,0
0,2,0,,215,231,0,0,1,0,0
0,1,0,,1580,262,7,0,0,6,0
0,1,0.375,,524,948,3,0,1,76,0
0,2,0,,393,202,1,0,0,68,0
0,1,0,,39,90,0,0,1,0,0
0,1,0,,20004,2301,315,0,0,19,0
0,1,0,,436,943,2,1,0,2,0
0,2,0,,541,286,24,0,0,159,0
0,1,0,,39,133,1,0,0,36,0
0,1,0,,2181,1051,3,1,0,76,0
0,2,0,,1216,1146,23,0,0,160,0
0,2,0,,1976,1737,89,1,0,133,0
0,3,0.111111111,,1048,2000,8,1,0,135,0
0,4,0,,331,647,0,1,0,76,0
0,2,0.6,,152,91,4,0,1,160,0
0,2,0.25,,324,238,0,0,1,82,0
0,1,0.2,,58,92,0,0,0,0,0
0,1,0,,737,298,0,0,0,26,0
0,2,0,,354,893,2,0,0,31,0
0,1,0,,37,68,1,0,0,33,0
0,1,0,,77,163,0,0,1,0,0
0,2,0,,271,223,1,0,0,14,0
0,1,0,,504,43,2,1,1,26,0
0,1,0,,322,331,6,1,0,148,0
0,2,0.090909091,,734,728,1,0,0,43,0
0,2,0,,666,574,3,1,0,154,0
0,1,0,,561,471,11,1,1,160,0
0,1,0,,935,1798,14,0,1,157,0
0,2,0,,10,21,0,1,0,0,0
0,2,0,,601,986,2,0,1,59,0
0,2,0,,282,306,2,0,0,0,0
0,2,0,,321,570,5,0,0,105,0
0,1,0,,592,874,3,0,0,64,0
0,1,0,,448,415,2,0,0,39,0
0,1,0.076923077,,940,1808,6,0,1,160,0
0,2,0,,223,217,0,0,0,36,0
0,1,0,,1285,715,1,0,0,12,0
0,1,0,,463,433,0,0,0,16,0
0,1,0.25,,183,170,1,0,0,136,0
0,1,0.222222222,,187,248,0,0,1,0,0
0,2,0,,1693,2001,13,1,0,116,0
0,1,0,,366,304,2,0,0,148,0
0,2,0,,910,853,58,1,0,143,0
0,1,0,,11,8,0,0,1,0,0
0,2,0,,2164,2081,28,0,1,74,0
0,2,0.125,,57,55,2,0,0,69,0
0,2,0,,707,604,3,0,0,101,0
0,2,0,,12,18,0,1,0,129,0
0,1,0,,2182,798,54,1,0,160,0
0,1,0,,29,46,0,0,1,49,0
0,1,0,,974,1428,94,1,0,159,0
0,4,0,,968,799,5,0,0,66,0
0,1,0,,200,509,6,0,0,100,0
0,2,0.25,,271,418,7,1,0,60,0
0,2,0,,325,180,3,0,0,69,0
0.076923077,3,0,,319,198,13,1,0,34,0
0,2,0,,2301,2196,8,0,1,48,0
0,1,0.111111111,,1100,880,1,0,0,157,0
0,2,0.4,,629,1423,0,0,1,121,0
0,2,0,,303,642,3,0,0,129,0
0,2,0,,363,282,1,0,1,6,0
0,2,0,,127,100,0,1,1,0,0
0,2,0,,13,85,0,0,0,52,0
0,4,0,,295,270,1,0,0,61,0
0,2,0,,408,421,0,0,0,70,0
0,1,0.5,,94,334,3,0,0,32,0
0,1,0,,60,113,0,0,0,62,0
0,3,0,,144,94,1,0,0,22,0
0,1,0,,610,591,1,0,0,37,0
0,2,0,,429,394,0,0,0,37,0
0,1,0,,121,208,1,0,0,111,0
0.333333333,3,0.142857143,,5883,1146,41,1,0,26,0
0,2,0,,253,148,3,1,0,24,0
0,2,0,,10,7,0,1,1,42,0
0,1,0,,649,297,2,1,0,55,0
0,2,0,,327,353,1,1,0,42,0
0,2,0,,931,668,0,1,0,54,0
0,2,0,,626,1189,19,0,0,148,0
0,1,0.111111111,,496,989,5,1,0,159,0
0,2,0,,37,36,4,0,1,0,0
0,1,0,,235,309,2,0,0,50,0
0,2,0.2,,1013,693,1,0,0,112,0
0,2,0.076923077,,14,76,0,0,0,75,0
0,4,0,,24047,9671,98,1,0,160,0
0,1,0,,914,405,1,0,0,32,0
0,4,0.142857143,,101,208,0,0,0,44,0
0,2,0,,563,1120,17,1,0,140,0
0,2,0.125,,671,469,4,0,0,151,0
0,2,0,,488,571,1,1,1,153,0
0,2,0.181818182,,875,563,0,0,1,34,0
0,1,0,,1243,917,59,1,0,160,0
0,2,0,,156,178,8,1,0,106,0
0,1,0,,1777,478,3,0,1,25,0
0,1,0,,60,84,0,0,1,0,0
0,1,0,,51,234,0,0,0,129,0
0,2,0,,901,1685,12,1,0,160,0
0,1,0,,557,193,21,0,0,142,0
0,2,0,,52,328,0,0,0,37,0
0,3,0.25,,234,147,2,0,0,117,0
0,2,0,,857,803,26,1,0,152,0
0,1,0.181818182,,359,229,0,1,0,29,0
0,1,0,,177,167,0,0,1,21,0
0,2,0,,1533,473,38,1,0,152,0
0,3,0,,218,1042,0,1,0,103,0
0.4,2,0,,780,419,2,0,0,46,0
0,3,0,,168,364,4,0,0,0,0
0,1,0,,376,318,3,0,0,78,0
0,2,0,,312,491,5,0,0,154,0
0,2,0.6,,388,513,3,0,0,148,0
0,1,0,,415,228,0,0,0,4,0
0,2,0,,1559,799,42,1,0,58,0
0,2,0,,281,277,0,0,0,50,0
0,2,0,,604,1996,38,0,1,136,0
0,3,0,,184,154,0,0,0,119,0
0,2,0,,325,316,2,0,1,17,0
0,2,0,,432,1154,13,1,0,149,0
0,2,0,,482,590,0,0,0,154,0
0,1,0,,5456,349,27,0,0,41,0
0,1,0,,297,192,0,0,1,12,0
0,2,0,,273,258,8,1,0,58,0
0,2,0,,15617,582,214,1,0,37,0
0,1,0,,65,126,2,0,1,0,0
0,2,0,,1179,1211,46,1,0,16,0
0,2,0,,173,277,0,0,0,129,0
0,3,0,,254,89,1,1,1,0,0
0,2,0,,346,456,3,1,1,93,0
0,1,0,,11066,879,45,0,1,14,0
0,2,0,,431,565,0,0,1,0,0
0,2,0,,1175,899,35,1,0,108,0
0,2,0,,3551,2513,123,1,0,158,0
0,2,0,,164,397,0,0,0,111,0
0,2,0,,82,224,0,0,0,0,0
0,2,0,,79,118,0,0,1,9,0
0,1,0,,10,19,0,0,0,31,0
0,2,0.090909091,,62,81,0,0,0,0,0
0,2,0,,108,30,0,1,0,90,0
0,2,0,,107,538,1,1,1,130,0
0,2,0,,4432,2672,161,1,0,113,0
0,1,0.333333333,,180,336,7,1,0,50,0
0,1,0.333333333,,349,1487,8,0,1,69,0
0,1,0,,397,170,0,0,0,7,0
0,2,0.333333333,,677,1316,3,0,1,22,0
0,2,0,,185,376,1,1,0,67,0
0,4,0,,388,14,9,1,0,159,0
0,2,0,,511,223,4,0,0,86,0
0,1,0,,1127,629,2,0,0,13,0
0,1,0,,678,250,85,0,0,104,0
0,2,0,,22,210,0,0,1,15,0
0,2,0,,10,14,0,0,1,0,0
0,1,1.25,,205,397,0,0,0,19,0
0,2,0,,2638,459,38,0,0,160,0
0,2,0,,1446,1047,35,1,0,151,0
0,1,0,,97,172,2,0,0,14,0
0,2,0,,244,800,12,1,0,106,0
0,2,0,,3062,381,63,0,0,105,0
0,1,0,,156,144,10,1,0,111,0
0,2,0.222222222,,442,56,2,0,1,47,0
0,2,0,,354,216,0,1,0,0,0
0,1,0,,566,419,2,0,0,40,0
0,1,0.1,,74,268,3,0,1,146,0
0,2,0,,2158,939,16,1,0,137,0
0,2,0,,93,371,3,0,1,134,0
0,2,0,,1297,1998,31,1,0,140,0
0,1,0,,832,169,14,0,0,9,0
0,2,0,,219,275,8,0,0,138,0
0,2,0,,2042,1733,65,0,0,41,0
0,2,0,,572,398,28,0,1,84,0
0,2,0,,78,136,4,0,1,40,0
0,2,0,,78,201,2,0,1,70,0
0,2,0.222222222,,688,566,4,0,0,138,0
0,2,0,,316,657,3,0,0,41,0
0,2,0,,471,337,5,1,0,135,0
0,1,0,,37,309,1,0,0,0,0
0,2,0,,690,733,28,1,0,104,0
0,2,0,,92,127,0,0,1,142,0
0,2,0,,106,203,3,0,0,88,0
0,1,0.153846154,,207,181,2,0,1,31,0
0,2,0,,20,91,0,1,1,112,0
0,3,0,,2366,2229,49,1,0,159,0
0,1,0,,1330,729,6,1,0,31,0
0,1,0,,290,444,13,1,0,57,0
0,2,0,,822,758,67,0,0,154,0
0,2,0,,40,159,0,0,1,0,0
0,2,0,,653,1416,10,0,1,18,0
0,1,0,,223,318,1,0,0,64,0
0,1,0,,584,424,2,0,1,46,0
0,3,0.333333333,,1627,1997,67,1,1,137,0
0,3,0,,457,599,5,0,0,0,0
0.166666667,1,0.166666667,,148,338,4,0,0,42,0
0,1,0.75,,12,9,0,0,0,43,0
0,3,0,,1923,503,3,1,0,39,0
0,2,0.090909091,,1639,1793,4,0,1,23,0
0,2,0.5,,26,77,2,0,1,17,0
0,1,0,,833,1024,0,0,0,28,0
0,2,0,,2495,2745,57,0,0,115,0
0,2,0,,212,143,4,0,0,41,0
0,2,0,,1051,1056,23,0,0,142,0
0,1,0,,1004,509,8,1,0,41,0
0,3,0,,494,254,1,1,0,41,0
0.1,1,0,,3623,2449,20,1,0,160,0
0,2,0.333333333,,324,433,0,0,0,62,0
0,2,0,,201,243,10,0,0,116,0
0,2,0.333333333,,763,436,1,0,0,0,0
0,1,0,,151,472,5,0,0,93,0
0,3,0,,3863,396,3,1,0,148,0
0,2,0,,2256,447,15,1,0,105,0
0,3,0,,3584,2907,135,1,0,141,0
0,3,0,,38,155,0,1,0,45,0
0,4,0,,71,89,1,0,0,74,0
0,1,0.111111111,,238,712,0,1,0,25,0
0,2,0,,47,51,0,0,1,46,0
0,2,0,,263,304,0,1,0,41,0
0,2,0,,559,805,1,0,1,115,0
0,1,0,,1331,758,9,0,0,42,0
0,1,0.4,,187,513,3,1,0,36,0
0,2,0.142857143,,10934,9263,30,1,0,42,0
0,2,0,,106,529,1,0,1,34,0
0,1,0,,205,176,4,1,0,48,0
0,2,0.142857143,,254,336,1,0,0,14,0
0,1,0,,355,263,1,0,0,42,0
0,1,0,,2629,319,40,1,0,40,0
0,1,0,,136,77,0,1,1,0,0
0,1,0,,37,112,1,0,0,27,0
0,2,0,,80,198,1,1,0,123,0
0,2,0,,615,580,1,0,0,0,0
0,1,0,,5203,957,175,1,0,21,0
0.333333333,2,0,,3029,1569,2,1,1,79,0
0,1,0,,397,519,8,1,0,98,0
0,1,0,,1090,2001,17,0,0,106,0
0,2,0,,62,467,0,0,0,0,0
0,1,0,,2546,1224,67,1,0,149,0
0,1,0,,6,8,0,0,1,0,0
0,3,0,,2151,531,69,0,1,148,0
0,1,0,,126,321,1,1,0,137,0
0,1,0,,619,613,0,0,0,34,0
0,2,0,,1667,1508,40,0,0,108,0
0,2,0.285714286,,203,217,2,0,0,26,0
0,1,0.4,,445,484,1,0,0,90,0
0,1,0,,616,306,2,1,1,82,0
0,2,0,,388,177,15,0,0,147,0
0,1,0,,980,491,6,0,0,11,0
0,2,0,,342,545,16,1,0,126,0
0,2,0,,123,473,4,1,0,15,0
0,1,0,,409,1116,4,1,0,127,0
0,2,0,,1248,584,29,1,0,55,0
0,3,0,,20,41,0,1,1,41,0
0,1,0,,688,971,0,0,0,28,0
0,2,0,,3,4,0,1,0,123,0
0,1,0,,172,357,3,0,1,127,0
0,2,0.090909091,,129,249,2,0,0,60,0
0,1,0,,66,104,8,1,1,92,0
0,2,0,,557,723,9,1,0,112,0
0,2,0,,1158,1999,25,0,0,62,0
0,2,0,,79,261,3,0,0,159,0
0,1,0,,1238,145,19,0,0,16,0
0,2,0,,927,862,46,1,0,149,0
0,2,0,,39,15,4,1,1,0,0
0,2,0,,852,216,1,1,1,28,0
0,2,0,,328,330,1,0,0,96,0
0,1,0,,1035,84,5,0,0,41,0
0,2,0,,939,1983,51,1,0,135,0
0,2,0,,10,51,0,0,1,20,0
0,2,0,,713,383,4,0,0,18,0
0,2,0.142857143,,217,333,4,0,1,103,0
0,2,0,,183,135,2,0,0,33,0
0,2,0,,1280,984,13,1,0,158,0
0,2,0,,127,166,3,1,0,85,0
0,2,0,,202,282,6,1,0,69,0
0,2,0,,346,319,1,0,1,43,0
0,3,0,,180,152,2,1,1,10,0
0,2,1.142857143,,305,1878,4,0,0,118,0
0,2,0,,236,300,4,1,0,18,0
0,3,0,,189,187,0,0,1,26,0
0,2,0,,82,145,0,0,0,19,0
0,2,0.4,,135,141,0,0,1,0,0
0,1,0,,352,424,3,0,1,0,0
0,2,0,,202,600,3,0,0,110,0
0,2,0.181818182,,13,13,0,0,1,38,0
0,2,0,,44,70,3,0,0,38,0
0,2,0,,71,41,0,1,1,80,0
0,2,0,,205,42,1,0,1,63,0
0,3,0.111111111,,349,482,1,1,0,5,0
0,2,0,,240,146,4,1,0,40,0
0,1,0.444444444,,351,360,4,0,1,111,0
0,1,0,,140,549,0,0,0,0,0
0,2,0,,27,71,0,1,0,65,0
0,2,0,,274,481,10,0,1,148,0
0,1,0,,49,80,0,0,0,113,0
0,2,0.076923077,,115,311,0,1,1,107,0
0,1,0,,2354,1710,2,0,0,105,0
0,1,0,,4073,142,78,0,0,38,0
0,2,0,,398,301,21,1,0,75,0
0,2,0,,289,333,3,0,0,35,0
0,1,0,,1370,235,48,1,0,73,0
0,3,0,,416,345,1,1,0,104,0
0,1,0.153846154,,1135,1763,1,1,1,43,0
0,1,0,,421,252,4,0,0,33,0
0,2,0,,275,215,0,0,1,0,0
0,1,0,,808,661,1,0,1,53,0
0,1,0.625,,267,342,0,0,1,0,0
0,2,0.285714286,,46,257,0,0,1,0,0
0,3,0,,243,886,2,1,0,85,0
0,2,0,,570,1975,14,0,0,109,0
0,1,0,,2326,2548,4,1,0,105,0
0,1,0.285714286,,76,57,3,0,1,54,0
0.25,2,0.25,,426,991,6,1,0,132,0
0,3,0,,217,150,2,0,1,37,0
0,2,0,,451,240,0,0,0,15,0
0,3,0,,1884,337,41,1,0,151,0
0,1,0.2,,338,254,2,0,0,20,0
0,2,0,,82,269,0,1,0,29,0
0,1,0,,241,309,0,0,1,59,0
0,2,0,,307,275,1,0,0,8,0
0,1,0,,967,1997,2,1,0,18,0
0,1,0,,2338,973,79,0,1,31,0
0,2,0.166666667,,237,198,0,0,0,81,0
0,3,0,,253,325,0,0,0,83,0
0,1,0,,15346,2904,59,1,0,100,0
0,2,0.142857143,,106,266,0,0,1,41,0
0,2,0.25,,168,146,0,0,0,55,0
0,2,0,,1581,1000,66,1,0,158,0
0,1,0.333333333,,108,366,0,0,0,67,0
0,1,0,,225,230,0,0,1,11,0
0,1,0,,18,62,0,0,1,96,0
0.75,3,0.4,,566,542,0,0,0,58,0
0,2,0.4,,234,190,0,0,0,66,0
0,2,0,,888,1813,11,1,0,5,0
0,2,0,,227,691,3,0,0,0,0
0,1,0,,388,359,0,0,0,17,0
0,3,0,,3799,3425,184,1,0,160,0
0,3,0,,3298,2808,31,1,0,56,0
0,2,0,,20,108,0,0,1,0,0
0,2,0,,232,224,4,1,0,129,0
0,1,0,,970,253,2,0,0,160,0
0.5,1,0,,73,228,1,0,1,16,0
0,2,0,,15936,2786,2,0,0,14,0
0,2,0,,1274,1085,32,1,0,112,0
0,2,0,,2,11,0,0,1,148,0
0,1,0.166666667,,481,687,2,0,1,11,0
0,2,0.181818182,,37,54,0,0,1,22,0
0,1,0.666666667,,1109,1977,77,1,0,156,0
0.333333333,3,0,,441,534,0,0,0,40,0
0,2,0,,380,365,3,1,0,28,0
0,1,0.333333333,,48489,46310,6166,0,0,73,0
0,1,0.4,,29,81,2,0,1,0,0
0,5,0,,139,322,0,0,0,38,0
0,1,0,,347,67,0,0,0,85,0
0,2,0,,197,206,1,0,1,17,0
0,2,0.75,,541,477,6,0,0,23,0
0,4,0.181818182,,46,240,0,0,0,70,0
0,2,0,,277,188,11,0,0,27,0
0,3,0,,1081,680,2,0,0,80,0
0,2,0,,328,110,13,0,0,157,0
0,1,0,,3920,468,1,0,1,67,0
0,3,0,,600,46,2,1,0,150,0
0,3,0.285714286,,70,88,1,0,0,0,0
0,3,0,,248,855,0,1,0,107,0
0,1,0,,11,1,3,0,1,0,0
0,1,0,,551,811,0,0,1,110,0
0,1,0,,21,118,0,0,0,151,0
0,2,0.4,,147,423,0,0,1,9,0
0,1,0,,267,459,8,0,0,24,0
0,2,0,,759,346,0,0,0,35,0
0,2,0,,946,753,55,1,0,55,0
0,2,0,,129,139,3,0,0,94,0
0,3,0,,10640,10573,21,1,0,97,0
0,1,0,,165,260,0,1,0,86,0
0,1,0,,809,490,3,1,0,33,0
0,1,0,,1416,401,8,0,1,6,0
0,3,0,,4941,420,34,1,0,44,0
2,3,0.125,,483,244,1,0,1,19,0
0,2,0,,171,169,0,1,0,30,0
0,2,0,,31,119,0,0,1,0,0
0,1,0,,1627,558,5,1,0,0,0
0,2,0.181818182,,19,152,0,0,1,0,0
0,3,0,,243,393,2,0,0,74,0
0,1,0,,243,241,22,0,1,63,0
0,1,0,,1050,348,4,0,1,15,0
0,2,0,,513,968,0,1,0,0,0
0,2,0,,780,470,21,0,1,103,0
0,1,0,,250,188,0,1,1,15,0
0,2,0.4,,126,876,6,0,0,117,0
0,1,0,,1069,1009,8,1,0,42,0
0,3,0,,12307,2498,13,1,0,124,0
0,2,0,,148,318,4,1,0,97,0
0,2,0,,500,409,2,1,1,58,0
0,1,0,,608,262,1,0,0,6,0
0,1,0.125,,664,419,0,0,0,54,0
0,1,0,,63,61,2,0,0,35,0
0,1,0,,204,1339,7,0,0,33,0
0,1,0,,123,159,0,0,0,48,0
0,1,0,,175,58,4,0,0,31,0
0,2,0,,9642,2447,29,0,0,12,0
0,1,0,,187,366,6,0,0,82,0
0,1,0,,1738,1837,5,0,1,0,0
0,1,0,,531,263,1,1,0,0,0
0,1,0,,336,320,0,1,0,21,0
0,2,0,,2880,1049,19,1,0,151,0
0,1,0,,813,837,21,1,0,125,0
0,2,0,,298,276,2,0,1,29,0
0,2,0,,6624,234,3,1,0,133,0
0,3,0.125,,243,832,10,1,0,130,0
0,1,0.5,,1232,1040,20,1,0,158,0
0,2,0,,2561,318,3,1,1,120,0
0,1,0,,332,419,4,0,1,35,0
0,3,0.166666667,,62,43,0,0,1,0,0
0,3,0,,1616,1196,27,1,0,38,0
0,1,0,,816,643,3,0,1,99,0
0,1,0,,86,224,1,1,0,107,0
0,4,0,,530,586,32,0,0,24,0
0,1,0,,1592,359,15,0,0,77,0
0,3,0,,658,82,5,0,0,14,0
0,2,0,,332,239,2,0,0,66,0
0,3,0,,840,1433,18,0,1,150,0
0,1,0,,107,210,5,1,0,113,0
0,1,0.090909091,,147,641,2,0,0,105,0
0,2,0,,1259,559,0,0,0,23,0
0,2,0,,390,487,6,1,0,137,0
0,2,0,,2834,2003,56,1,0,158,0
0,2,0,,17,28,1,0,1,8,0
0,2,0,,305,312,0,0,1,0,0
0,2,0,,428,1293,10,0,0,62,0
0,1,0,,679,319,3,0,0,75,0
0,2,0,,202,353,5,0,0,128,0
0,1,0,,740,626,23,0,1,72,0
0,2,0,,259,530,0,0,0,52,0
0,1,0,,1136,382,2,0,0,4,0
0,2,0,,259,619,3,0,1,64,0
0,3,0.333333333,,232,492,2,0,0,51,0
0,2,0,,481,470,1,0,0,18,0
0,2,0,,294,114,17,1,0,151,0
0,1,0,,783,497,5,0,1,43,0
0,3,0,,2044,1740,56,1,0,122,0
0,1,0,,174,184,0,0,1,0,0
0,1,0,,510,103,2,1,0,47,0
0,1,0,,108,127,1,1,0,92,0
0,3,0,,2139,1279,21,0,0,160,0
0,8,0,,881,547,2,0,0,12,0
0,2,0,,2737,2919,54,0,0,98,0
0,2,0,,275,297,1,0,1,0,0
0,1,0,,113,81,0,0,0,18,0
0,1,0.2,,61,138,1,0,0,86,0
0,1,0,,392,283,17,1,0,160,0
0,1,0,,468,155,5,0,0,33,0
0,2,0,,112,211,0,0,0,16,0
0,2,0.181818182,,160,278,7,0,1,38,0
0,2,0,,15,52,0,0,0,0,0
0,1,0,,435,357,3,1,0,30,0
0,2,0.272727273,,145,109,0,0,0,35,0
0,1,0,,96,266,1,1,1,159,0
0,1,0,,393,985,34,0,0,155,0
0,2,0,,76,52,0,0,0,9,0
0,1,0,,3031,2485,17,1,0,94,0
0,2,0.083333333,,187,288,7,1,1,160,0
0,2,0.166666667,,210,416,2,0,0,156,0
0,1,0,,32,196,7,0,0,6,0
0,1,0,,177,77,8,0,1,151,0
0,1,0,,66,76,1,1,0,81,0
0,1,0,,555,419,2,1,0,152,0
0,3,0,,54,48,2,0,1,31,0
0,2,0,,304,307,4,0,0,29,0
0,1,0,,919,1003,21,1,0,151,0
0,2,0.5,,230,364,0,0,0,13,0
0,3,0,,744,132,15,1,0,160,0
0,2,0,,387,948,7,1,0,59,0
0,2,0,,771,301,3,1,0,115,0
0,2,0,,79,116,0,0,0,13,0
0,2,0,,1276,337,53,1,0,151,0
0,3,0,,456,274,0,0,0,14,0
0,2,0,,261,235,0,0,0,38,0
0,1,0.25,,1253,1137,1,0,0,21,0
0,2,0,,633,451,3,0,0,0,0
0,2,0.25,,10,20,0,0,0,87,0
0,2,1,,1884,2069,28,0,0,135,0
0,2,0,,102,316,1,0,1,0,0
0,2,0.363636364,,344,28,9,1,0,122,0
0,2,0.166666667,,443,308,0,0,1,30,0
0,2,0.25,,621,437,0,0,1,58,0
0,2,0,,5819,5899,190,1,0,116,0
0,2,0,,13095,7672,664,1,0,146,0
0,1,0,,372,289,3,0,0,131,0
0,2,0,,280,327,6,0,1,27,0
0,2,0,,122,215,2,1,0,43,0
0,1,0.2,,640,533,1,0,0,5,0
0,1,0,,843,622,15,1,0,105,0
0,1,0,,27,40,0,0,1,70,0
0.076923077,1,0.1,,252,712,1,1,1,45,0
0,1,0.166666667,,82,249,2,0,0,119,0
0,1,0,,852,1754,16,1,0,97,0
0,2,0,,324,199,0,0,0,0,0
0,2,0,,7184,1649,314,1,0,117,0
0,2,0,,113,252,16,0,0,138,0
0,2,0,,171,57,5,1,0,26,0
0,1,0,,152,92,7,0,0,146,0
0,2,0.5,,221,122,18,1,0,155,0
0,2,0,,23604,4308,23,1,0,127,0
0,2,0,,1097,632,87,1,0,153,0
0,2,0,,9684,456,292,1,0,52,0
0,1,0,,816,638,4,0,0,156,0
0,2,0,,322,175,7,0,0,8,0
0,2,0.111111111,,424,463,3,0,1,125,0
0,1,0,,189,619,2,0,0,5,0
0,1,0,,162,258,3,1,0,23,0
0,2,0,,192,156,4,1,0,56,0
0,1,0,,263,91,1,0,1,33,0
0,3,0,,26,180,2,1,1,0,0
0,1,0,,313,177,3,1,0,59,0
0,3,0,,3747,868,77,1,0,151,0
0,1,0.125,,2431,1652,6,0,0,0,0
0,1,0.125,,1340,1725,26,1,0,9,0
0,2,0,,234,137,2,0,1,64,0
0,2,0,,723,836,0,0,0,43,0
0,1,0,,480,369,3,0,0,8,0
0,1,0,,812,376,2,0,1,97,0
0,1,0,,2077,197,13,1,1,158,0
0,2,0,,18255,17,170,0,0,160,0
0,1,0.071428571,,553,359,4,0,1,27,0
0,2,0,,120,137,2,1,0,160,0
0,3,0,,257,276,0,1,1,129,0
0,2,0,,6737,1681,205,1,0,40,0
0,1,0,,1638,661,6,0,1,0,0
0,1,0,,286,161,0,0,1,47,0
0,1,0,,430,1,13,1,0,28,0
0,2,0,,1227,871,40,1,0,62,0
0,2,0.5,,1800,1950,14,0,1,143,0
0,2,0,,1108,998,43,1,0,129,0
0,1,0,,20,239,1,0,1,81,0
0,2,0.153846154,,308,649,1,0,1,4,0
0,1,0.071428571,,88,131,0,0,0,130,0
0,1,0,,1226,597,43,1,0,107,0
0,1,0.5,,597,1202,1,0,1,78,0
0,3,0,,768,1557,7,0,0,4,0
0,2,0.4,,879,640,33,0,0,122,0
0,2,0,,1045,1588,45,1,0,63,0
0,2,0,,295,427,22,1,0,142,0
0,2,0,,133,109,16,1,1,82,0
0,1,0.111111111,,749,733,0,0,1,21,0
0,2,0.111111111,,34,219,0,0,0,0,0
0,2,1.142857143,,155,868,0,0,1,160,0
0,1,0,,316,276,0,1,0,24,0
0,2,0.083333333,,116,275,0,0,0,58,0
0,3,0,,857,130,10,1,0,0,0
0,3,0,,36,213,0,1,0,29,0
0,2,0,,337,355,0,1,0,5,0
0,2,0.076923077,,4476,4845,68,0,1,154,0
0,2,0,,3153,167,13,0,0,28,0
0,1,0,,330,312,0,0,0,16,0
0,1,0,,1753,789,8,0,0,144,0
0,2,0,,2565,226,7,1,0,57,0
0,2,0,,765,975,16,1,0,152,0
0,1,0,,200,78,0,0,0,35,0
0,2,0.181818182,,219,332,5,0,0,66,0
0,1,0,,18,33,1,1,0,97,0
0,2,0,,1123,1115,1,0,0,36,0
0,1,0,,448,350,32,0,0,0,0
0,2,0,,2355,1904,14,1,0,14,0
0,1,0,,21,36,1,0,1,0,0
0,2,0,,49,117,5,0,1,39,0
0,2,0,,2295,592,31,1,0,130,0
0,2,0,,135,159,0,0,0,0,0
0,2,0,,679,677,0,0,0,2,0
0,1,0,,77,94,1,0,1,0,0
0,2,1.142857143,,22,146,0,0,1,14,0
0,1,0,,49,47,0,0,1,0,0
0,2,0,,249,489,0,0,1,70,0
0,2,0,,670,628,12,1,0,150,0
0,3,0,,253,359,3,1,0,36,0
0,3,0,,206,662,0,1,1,142,0
0,2,0,,777,296,4,1,0,94,0
0,1,0,,367,245,13,0,0,99,0
0,1,0,,184,166,0,0,1,49,0
0,1,0,,333,192,0,0,0,37,0
0,3,0,,1930,1259,33,0,1,160,0
0,1,0,,217,2001,9,0,1,39,0
0,1,0,,973,1994,12,1,0,149,0
0,1,0,,376,327,20,0,1,67,0
0,2,0,,118,202,1,0,0,157,0
0,3,0,,490,555,2,0,0,107,0
0,1,0,,804,279,2,1,1,0,0
0,3,0,,221,78,2,0,1,91,0
0,2,0,,211,959,12,0,0,39,0
0,2,0,,1229,284,6,1,0,25,0
0,3,0,,1352,1003,11,1,0,80,0
0,2,0,,158,152,3,1,0,92,0
0,4,0,,1342,1199,2,1,0,63,0
0,2,0,,46,118,3,0,0,29,0
0,1,0,,149,123,4,0,0,14,0
0,2,0,,149,228,0,0,1,59,0
0,2,0,,881,1061,12,0,0,124,0
0,2,0,,54,157,0,0,0,24,0
0.333333333,1,0.153846154,,761,1387,2,1,1,102,0
0,2,0,,408,336,6,0,0,114,0
0,2,0,,58,74,2,0,1,134,0
0,1,0,,28,32,0,1,0,108,0
0,1,0,,1504,1314,14,1,0,136,0
0,2,0,,662,1824,3,0,0,135,0
0,1,0,,1009,812,3,1,0,27,0
0,2,0.285714286,,705,580,3,0,0,99,0
0,2,0,,41,128,0,0,0,35,0
0,2,0,,285,286,9,1,1,50,0
0,2,0,,39,71,2,1,0,109,0
0,2,0,,1299,1164,12,0,0,24,0
0,2,0.181818182,,59,90,5,0,0,29,0
0,1,0,,188,107,0,0,0,62,0
0,1,0,,254,333,2,0,1,0,0
0,2,0,,392,302,0,0,1,31,0
0,1,0.071428571,,1045,106,19,0,0,0,0
0,1,0,,529,132,0,0,0,18,0
0,1,0,,273,121,0,1,0,38,0
0,2,0,,777,246,29,1,0,49,0
0,1,0,,467,172,2,0,0,86,0
0,2,0,,22,9,0,0,1,46,0
0,3,0,,1392,1977,4,0,0,158,0
0,1,0,,2135,1799,70,1,0,4,0
0,1,0,,265,214,5,1,0,122,0
0,3,0.4,,243,623,1,0,0,17,0
0,2,0,,192,323,2,0,0,37,0
0,1,0,,18,235,0,0,0,130,0
0.2,3,0.2,,16,25,0,0,0,0,0
0,1,0,,2924,1106,0,0,0,41,0
0,2,0,,126,366,1,0,1,100,0
0,2,0.25,,669,648,1,0,1,49,0
0,2,0,,301,500,4,0,1,39,0
0,2,0,,658,941,3,0,0,156,0
0,1,0,,1299,1108,2,0,0,57,0
0,2,0.166666667,,545,623,1,0,0,41,0
0,2,0,,1652,1487,76,1,0,159,0
0,1,0,,568,449,0,0,1,19,0
0,2,0.333333333,,1719,1243,7,1,1,79,0
0,2,0,,563,590,25,1,0,159,0
0,3,0.083333333,,172,155,0,1,0,150,0
0,1,0,,2810,199,1,1,0,156,0
0,3,0,,1226,1183,48,1,0,160,0
0,1,0,,436,633,3,0,0,48,0
0,2,0.285714286,,432,147,0,0,1,115,0
0,2,0,,23854,20017,26,0,0,43,0
0,2,0,,54,156,2,1,1,36,0
0,1,0,,13,12,0,0,1,0,0
0,2,0,,13,48,1,0,1,15,0
0,1,0,,48,19,3,0,1,51,0
0,2,0,,275,369,15,1,1,67,0
0,1,0,,768,245,6,0,0,88,0
0,1,0,,1414,151,12,1,0,138,0
0,1,0,,6473,588,26,0,0,0,0
0,2,0,,201,385,0,0,0,127,0
0,2,0.285714286,,132,221,0,0,0,94,0
0,1,0,,769,469,1,0,1,0,0
0,5,1,,346,329,0,0,1,44,0
0,1,0,,5730,4331,33,0,0,38,0
0,2,0,,18,73,0,0,1,0,0
0,2,0,,764,250,5,0,0,143,0
0,1,0,,397,428,1,0,0,120,0
0,2,0,,237,547,6,0,0,21,0
0,3,0,,293,408,0,0,0,16,0
0,1,0,,214,186,2,1,0,25,0
0,2,0,,302,366,2,1,0,148,0
0,1,0.083333333,,325,1530,8,0,0,32,0
0,1,0,,516,286,13,0,0,136,0
0,1,0,,21,37,0,1,0,110,0
0,2,0.153846154,,259,420,51,1,0,92,0
0,2,0,,1986,1064,5,1,0,46,0
0,2,0,,1060,557,2,1,0,104,0
0,1,0,,352,994,2,0,1,101,0
0,1,0,,79,219,0,0,0,32,0
0,1,0,,1324,717,1,0,0,23,0
0.125,1,0.125,,13,101,0,0,1,0,0
0,1,0.428571429,,2554,2308,112,1,0,153,0
0,1,0,,904,695,1,0,0,10,0
0,1,0,,1023,321,6,1,0,70,0
0,1,0,,264,120,0,1,0,8,0
0,1,0,,284,707,4,1,0,21,0
0,2,0,,146,21,0,0,1,0,0
0,2,0,,783,870,32,1,0,148,0
0,2,0,,41,275,1,0,1,16,0
0,1,0,,70,100,1,0,0,68,0
0,1,0,,338,329,1,0,0,82,0
0,3,0,,729,823,2,1,0,122,0
0.285714286,7,0,,535,373,2,0,0,138,0
0,1,0,,295,286,3,0,1,78,0
0,4,0,,350,210,3,1,0,156,0
0,1,1,,15,20,1,1,0,140,0
0,2,0,,1122,141,1,1,0,26,0
0.166666667,1,0,,504,489,0,0,1,31,0
0,1,0.222222222,,128,60,0,1,0,32,0
0,2,0,,168,398,0,0,1,0,0
0,3,0,,422,97,7,1,0,148,0
0,1,0,,759,299,53,1,0,67,0
0,2,0,,699,473,0,0,0,81,0
0,2,0.076923077,,92,94,2,0,0,64,0
0,1,0,,840,75,0,0,0,39,0
0,1,0,,482,316,0,0,1,18,0
0,2,0,,44,156,2,0,0,159,0
0,1,0,,1525,1335,2,0,0,106,0
0,1,0,,249,185,4,1,0,3,0
0,2,0,,243,243,3,1,0,35,0
0,1,0,,336,334,5,0,0,0,0
0,1,0,,758,461,3,0,0,100,0
0,1,0,,313,175,0,0,1,14,0
0,2,0,,1307,319,12,1,0,106,0
0,2,0,,1936,1920,29,0,0,95,0
0,2,0,,146,336,1,0,0,63,0
0,1,0,,642,571,1,0,0,72,0
0.0625,3,0,,787,1007,7,1,0,160,0
0,2,0,,121,105,1,0,0,152,0
0,1,0,,1361,1492,80,0,0,128,0
0,1,0.2,,218,522,2,0,1,13,0
0,1,0,,12,15,1,0,0,30,0
0,2,0,,251,331,1,0,0,138,0
0,1,0,,696,2000,5,1,0,145,0
0,2,0,,223,389,6,0,0,60,0
0,2,0.428571429,,11,112,0,0,0,0,0
0,1,0,,6093,92,195,1,0,113,0
0,1,0,,211,183,1,1,0,20,0
0,2,0,,416,292,0,0,1,90,0
0,1,0,,1327,739,5,1,0,40,0
0,1,0.4,,1495,1019,5,1,0,12,0
0,1,0.222222222,,840,665,3,0,0,55,0
0,1,0,,555,422,0,0,0,12,0
0,1,0.181818182,,424,165,1,0,1,43,0
0,2,0.076923077,,23,26,1,0,1,0,0
0,1,0.285714286,,584,329,2,0,1,39,0
0,1,0,,176,217,4,1,0,54,0
0,1,0,,731,426,0,0,0,62,0
0,1,0,,293,289,6,1,0,18,0
0,1,0,,110,106,0,0,1,13,0
0,1,0,,766,1099,23,0,0,59,0
0,3,0,,269,98,6,1,0,28,0
0,2,0.090909091,,1121,425,2,0,1,59,0
0,2,0,,177,641,7,0,1,77,0
0,1,0.2,,237,218,0,0,0,21,0
0,1,0,,310,409,7,0,0,107,0
0,2,0,,209,438,2,0,0,0,0
0,1,0,,755,318,12,0,0,7,0
0,1,0,,120,114,0,1,0,23,0
0,1,0.5,,522,281,16,0,0,142,0
0,1,0,,1979,2104,0,0,1,22,0
0,2,0,,798,408,2,1,0,18,0
0,1,0,,1002,506,13,0,0,158,0
0,1,0,,895,540,0,1,0,31,0
0,3,0,,1145,897,7,1,0,35,0
0,3,0,,2122,1585,1,0,0,82,0
0,2,0,,2293,2198,2,0,0,55,0
0,2,0,,77,75,0,0,1,93,0
0,3,0,,419,1159,0,1,0,64,0
0,1,0,,599,256,8,0,0,105,0
0,2,0,,205,276,2,0,1,71,0
0,2,0,,2360,2145,0,0,0,43,0
0,1,0,,490,140,0,0,0,41,0
0,2,0.222222222,,3325,1327,5,1,0,158,0
0,1,0,,633,584,0,1,0,19,0
0,2,0.5,,608,466,0,0,1,23,0
0,2,0.222222222,,490,119,0,0,1,0,0
0,1,0,,615,436,2,0,1,68,0
0,1,0,,858,624,3,0,0,135,0
0,3,0,,646,604,4,0,0,42,0
0,2,0,,164,22,1,0,1,115,0
0,1,0,,323,234,4,0,0,83,0
0,1,0.166666667,,205,191,0,1,1,47,0
0,2,0,,2097,888,10,1,0,160,0
0,1,0,,56,48,2,0,0,0,0
0,2,0,,797,774,13,0,0,21,0
0,1,0,,1494,468,4,0,0,24,0
0,1,0,,173,244,0,0,1,28,0
0,2,1,,189,226,1,0,1,103,0
0,1,0,,254,214,1,0,1,21,0
0,1,0,,1125,866,2,0,0,28,0
0,1,0,,393,306,1,0,1,0,0
0,1,0,,334,238,0,0,0,0,0
0,1,0,,311,381,1,0,0,37,0
0,1,0,,85,137,0,0,1,9,0
0,1,0,,120,124,0,0,1,0,0
0,4,0,,405,584,6,1,1,143,0
0,1,0,,134,288,0,0,0,20,0
0,1,0,,529,911,1,0,0,84,0
0,1,0.666666667,,550,129,1,0,0,67,0
0,2,0,,375,298,0,0,1,34,0
0,2,0,,126,135,1,1,0,6,0
0,1,1,,171,283,5,0,0,0,0
0,1,0.142857143,,256,255,1,0,1,0,0
0,2,0,,129,163,0,1,1,44,0
0,1,0,,1047,365,1,0,0,37,0
0,1,0,,249,219,0,0,1,11,0
0,1,0,,563,350,0,0,1,51,0
0,2,0,,228,113,19,0,0,49,0
0,2,0,,179,132,0,0,1,0,0
0,2,0,,1356,591,6,0,0,7,0
0,1,0,,837,816,0,0,1,3,0
0,1,0,,616,564,2,1,0,101,0
0,1,0,,222,155,0,0,1,16,0
0,2,0,,614,578,4,0,0,30,0
0,3,0,,1957,1286,1,0,0,44,0
0,2,0,,436,320,0,0,0,0,0
0,1,0,,242,152,0,0,1,7,0
0,2,0,,141,209,11,0,0,27,0
0,1,0,,422,819,0,0,1,63,0
0,1,0,,2380,957,35,0,0,92,0
0,1,0,,808,635,1,0,0,0,0
0,1,0,,199,134,1,0,0,5,0
0,2,0,,406,744,13,1,1,0,0
0,1,0,,661,439,0,0,0,4,0
0,2,0,,308,320,0,0,1,72,0
0,1,0,,499,496,2,0,0,86,0
0,2,0,,512,641,8,0,0,87,0
0,1,0,,585,262,1,0,0,42,0
0,1,0,,400,363,0,0,1,21,0
0,2,0,,293,254,2,1,0,20,0
0,2,0.2,,78,204,0,0,1,0,0
0,2,0,,1542,341,4,0,1,40,0
0,1,0,,102,123,0,1,0,64,0
0,2,0,,87,92,0,0,1,0,0
0,4,0,,321,862,3,0,1,78,0
0,1,0,,23,299,4,0,0,0,0
0,1,0,,1077,940,2,0,0,40,0
0,1,0,,1213,1180,7,0,0,57,0
0,1,0,,30,351,0,0,1,0,0
0,2,0,,347,185,0,1,0,24,0
0,2,0,,1272,970,2,0,0,34,0
0,2,0.125,,249,193,0,0,1,18,0
0,1,0.6,,145,298,4,0,0,111,0
0,2,0,,93,162,0,0,0,38,0
0,3,0.375,,189,328,0,1,1,100,0
0,2,0,,257,240,0,0,1,156,0
0,3,0,,858,638,6,1,0,108,0
0,1,0,,520,243,2,1,0,26,1
0,3,0,,350,411,3,0,1,65,1
0.2,1,0,,222,340,5,0,1,25,1
0,1,0.090909091,,47,70,0,0,1,42,1
0,2,0,,824,1496,17,1,0,159,1
0,3,0,,138,385,0,1,0,112,1
0,2,0,,1234,532,95,0,0,146,1
0,2,0.333333333,,61,42,5,0,0,71,1
0,3,0,,93,81,0,0,1,132,1
0,2,0,,1908,1156,72,1,0,40,1
0,1,0.2,,461,533,3,0,1,83,1
0,2,0,,205,221,0,0,0,126,1
0,1,0,,1209,713,0,0,0,2,1
0,2,0,,584,407,0,0,0,62,1
0,1,0,,96,119,1,0,1,28,1
0.083333333,5,0,,3949,166,6,0,0,73,1
0,2,0,,174,47,5,1,0,76,1
0,3,0,,4,11,0,0,1,0,1
0,1,0,,1645,1292,8,1,0,77,1
0,3,0,,535,444,3,0,0,45,1
0,2,0.4,,513,592,4,1,0,64,1
0,2,0,,257,144,0,0,0,36,1
0,1,0.166666667,,423,453,0,0,1,41,1
0,1,0.285714286,,65,88,0,0,1,49,1
0,4,0.166666667,,46,31,0,0,1,8,1
0,1,0,,195,228,0,0,0,13,1
0,2,0,,360,369,8,0,1,70,1
0,2,0,,939,753,22,0,0,90,1
0,1,0,,1962,1334,14,0,0,106,1
0,2,0,,127,132,9,1,0,100,1
0,1,0,,119,394,5,0,1,105,1
0,2,0,,242,139,16,1,0,31,1
0,2,0.2,,178,224,3,1,0,23,1
0,2,0,,321,464,22,1,0,160,1
0,1,0,,2052,2246,17,0,0,89,1
0,2,0,,1458,1548,70,1,0,109,1
0,2,0.428571429,,213,578,2,0,0,3,1
0,2,0,,43,46,0,0,1,10,1
0,2,0.4,,209,296,1,0,1,46,1
0,2,0.181818182,,242,191,0,0,1,19,1
0,1,0,,131,295,2,1,0,130,1
0,2,0,,2622,1231,63,0,0,0,1
0,1,0.2,,221,307,4,0,1,1,1
0,1,0,,505,196,1,0,1,22,1
0,1,0.4,,171,183,0,1,1,109,1
0,2,0,,139,118,2,0,0,4,1
0,2,0.333333333,,189,248,0,0,1,27,1
0,1,0,,139,138,3,0,1,51,1
0,2,0.2,,705,577,0,0,1,14,1
0,2,0,,170,169,1,0,1,31,1
0,1,1.2,,27,114,0,0,1,66,1
0,2,0,,393,391,0,1,0,44,1
0,2,0.222222222,,253,150,1,0,1,160,1
0,1,0,,863,819,5,1,0,23,1
0,1,0,,629,838,3,0,0,156,1
0,2,0.363636364,,52,266,0,0,1,30,1
0,2,0,,226,116,2,1,0,88,1
0,1,0.166666667,,435,684,0,1,0,2,1
0,1,0,,484,1388,12,0,0,107,1
0,1,0.4,,423,524,0,0,0,24,1
0,2,0,,109,91,2,0,1,151,1
0,1,0.6,,278,257,1,0,1,79,1
0,2,0,,142,391,4,0,0,105,1
0,2,0,,618,453,3,0,0,128,1
0,2,0,,351,264,0,0,1,72,1
0,2,0,,1439,1591,91,1,0,139,1
0,2,0,,4126,4094,195,1,0,117,1
0,2,0,,79,261,2,0,0,0,1
0,3,0,,515,939,5,1,0,149,1
0,1,0,,31,45,0,0,0,67,1
0,1,0,,227,123,0,0,1,43,1
0,1,0,,534,860,22,1,0,118,1
0,1,0,,568,387,1,1,0,0,1
0,1,0,,105,348,1,0,0,49,1
0,2,0,,409,359,3,1,0,41,1
0,2,0.571428571,,656,575,53,1,0,147,1
0,1,0,,2902,660,34,1,0,49,1
0,1,0.333333333,,214,573,0,0,0,37,1
0,2,0.2,,322,263,1,0,0,17,1
0,2,0,,570,980,5,0,1,137,1
0,1,0,,112,106,0,0,1,48,1
0,1,0,,116,126,2,0,0,4,1
0,1,0.166666667,,147,126,0,0,1,66,1
0,1,0,,877,655,5,1,0,89,1
0,2,0,,387,1108,17,1,1,156,1
0,2,0,,73,473,2,0,0,0,1
0,1,0,,4960,4386,97,1,0,116,1
0,1,0,,113,329,3,0,1,0,1
0,2,0,,10011,1812,10,0,0,135,1
0,2,0,,506,527,27,0,0,85,1
0,2,0,,679,358,1,1,0,109,1
0,1,0.1,,266,1413,0,0,1,103,1
0,1,0,,170,230,0,0,1,20,1
0,3,0,,3975,1803,153,1,0,94,1
0,3,0,,314,247,1,0,1,60,1
0,2,0,,123,320,0,0,0,53,1
0,2,0.142857143,,252,271,0,0,1,80,1
0,2,0,,834,264,28,1,0,152,1
0,1,0,,312,39,3,1,0,22,1
0,2,1,,33,59,1,1,0,0,1
0,1,0,,51,42,0,1,1,0,1
0,2,0,,123,168,0,0,0,32,1
0,2,0,,258,564,6,0,0,111,1
0,1,0,,111,67,0,0,1,19,1
0,2,0,,424,316,3,1,0,154,1
0,2,0,,10,35,0,1,1,44,1
0,3,0,,131,147,5,0,0,44,1
0,2,0,,295,647,2,0,1,160,1
0,2,0.285714286,,178,174,8,1,1,133,1
0,1,0.363636364,,255,300,1,0,0,64,1
0,3,0.428571429,,175,219,1,0,1,44,1
0,2,0.272727273,,81,228,1,0,0,116,1
0,1,0.090909091,,321,226,0,0,0,20,1
0,1,0,,320,193,1,0,0,14,1
0,2,0,,395,71,0,1,0,36,1
0,3,0,,79,264,2,0,0,70,1
0,2,0,,1558,625,52,1,0,160,1
0,2,0,,392,261,2,1,0,20,1
0,1,0.285714286,,67,53,1,0,1,0,1
0,1,0,,43,26,4,0,0,114,1
0,2,0.083333333,,1137,282,0,1,0,21,1
0,2,0,,129,123,3,0,1,12,1
0,1,0,,567,539,2,1,0,23,1
0,2,0,,89,187,0,0,1,78,1
0,1,0,,287,276,1,0,0,115,1
0,1,0,,74,114,1,1,0,131,1
0,1,0,,138,276,3,0,0,22,1
0,2,0.2,,9,43,0,0,1,0,1
0,6,0.181818182,,514,1313,3,0,1,48,1
0,1,0.5,,783,1993,0,0,0,114,1
0,1,0,,804,636,10,1,0,158,1
0,2,0.375,,166,118,0,1,1,120,1
0,1,0,,31,47,1,1,0,17,1
0,1,0,,2199,465,44,1,0,14,1
0,2,0,,253,373,0,0,0,57,1
0.333333333,1,0,,150,53,0,0,1,43,1
0,1,0,,79,179,0,0,0,0,1
0,2,0,,4558,669,71,0,0,51,1
0,1,0,,535,331,0,0,0,19,1
0,2,0,,1071,379,4,1,0,52,1
0,1,0,,60,222,0,1,1,40,1
0,1,0,,847,932,9,0,0,53,1
0,2,0,,252,889,3,0,0,60,1
0,1,0,,5363,667,88,1,0,19,1
0,2,0,,249,740,6,0,0,143,1
0,1,0,,6817,311,36,0,0,35,1
0,1,0.285714286,,587,494,2,1,1,37,1
0,2,0,,599,901,5,0,0,124,1
0,1,0,,342,146,1,1,0,11,1
0,1,0,,293,372,2,0,0,35,1
0,1,0,,762,303,11,1,0,65,1
0,1,0,,16186,5242,243,0,0,142,1
0,1,0,,1320,150,60,0,1,28,1
0,1,0,,590,585,18,0,0,158,1
0,1,0,,649,389,1,0,0,25,1
0,2,0,,272,232,2,1,0,47,1
0,3,0,,854,556,12,1,0,113,1
0,1,0.2,,341,748,3,1,0,109,1
0,1,0,,1283,734,20,0,0,77,1
0,2,0,,227,338,10,0,0,153,1
0,1,0,,1273,1898,4,1,0,110,1
0,1,0,,2407,526,36,1,0,65,1
0,2,0,,364,376,17,0,1,35,1
0,2,0,,538,1724,0,1,0,100,1
0,2,0,,859,1588,1,0,0,116,1
0,1,0.333333333,,394,311,5,0,0,87,1
0,2,0,,7769,321,78,1,1,136,1
0,2,0,,389,892,0,0,0,25,1
0,2,0,,46,124,0,0,1,36,1
0,3,0,,212,185,4,1,0,38,1
0,2,0,,322,234,8,0,0,75,1
0,1,0,,368,281,1,0,0,10,1
0,2,0,,368,381,0,0,1,26,1
0,2,0,,24,38,0,0,1,78,1
0,1,0,,302,232,5,0,0,67,1
0,1,0,,352,394,1,0,0,22,1
0,3,0,,887,743,1,1,0,11,1
0,3,0,,522,793,4,0,1,143,1
0,3,0.1,,149,153,0,0,1,148,1
0,2,0.111111111,,443,471,0,0,1,43,1
0,2,1,,141,140,0,0,1,76,1
0,1,0,,332,833,45,0,0,74,1
0,2,0,,1532,187,4,1,0,133,1
0,1,0,,258,206,0,0,1,7,1
0,2,0,,1201,1191,61,1,0,143,1
0,1,0,,149,317,25,0,1,26,1
0,3,0,,642,1996,3,1,0,48,1
0,2,0,,2249,950,66,1,0,56,1
0,1,0,,136,348,0,0,0,13,1
0,1,0,,178,493,6,0,0,41,1
0,2,0.333333333,,111,207,8,0,1,153,1
0,2,0,,226,186,0,1,0,21,1
0,2,0.153846154,,179,271,0,0,0,42,1
0,1,0.153846154,,2104,972,8,0,0,42,1
0,2,0,,67,59,0,0,1,0,1
0,1,0,,261,354,0,0,0,21,1
0,2,0.428571429,,102,325,9,0,0,62,1
0,1,0,,312,195,0,0,0,33,1
0,2,0,,304,310,2,1,0,71,1
0,1,0,,344,383,4,0,1,33,1
0,1,0.285714286,,71,181,4,0,0,82,1
0,2,0.083333333,,921,2003,5,0,1,74,1
0,1,0.285714286,,26,189,1,0,1,0,1
0,2,0.666666667,,413,412,3,0,1,27,1
0,1,0.3,,421,280,2,1,0,23,1
0,1,0,,12466,122,148,1,0,18,1
0,2,0,,636,592,13,1,0,93,1
0,2,0,,652,419,0,0,0,0,1
0,3,0.166666667,,167,176,0,0,1,42,1
0,2,0,,608,483,18,1,0,73,1
0,2,0,,35272,35095,186,0,0,145,1
0,1,0.5,,1402,958,11,0,0,83,1
0,1,0,,9527,887,15,1,0,65,1
0,6,0.2,,130,189,3,0,1,23,1
0,3,0,,152,417,6,1,0,88,1
0,2,0,,49,189,1,0,1,121,1
0,2,0,,414,270,3,1,0,16,1
0,2,1.333333333,,1212,1630,49,0,0,158,1
0,1,0,,819,758,2,0,1,120,1
0,2,0,,2746,2547,14,0,0,160,1
0,4,0,,521,605,7,1,0,33,1
0,1,0,,742,497,2,0,0,10,1
0,2,0,,370,266,1,0,1,9,1
0,2,0,,1536,1208,7,0,0,25,1
0,1,0,,604,305,0,0,0,82,1
0,1,0,,1166,893,1,1,0,0,1
0,1,0,,768,140,2,1,0,17,1
0,1,0,,1997,2028,5,0,0,40,1
0,2,0.25,,361,349,6,0,0,31,1
0,2,0,,158,182,0,0,1,40,1
0,2,0.222222222,,96,127,1,0,0,0,1
0,1,0,,7921,512,19,0,1,18,1
0,1,0,,237,394,1,0,1,112,1
0,2,0,,174,536,1,0,0,36,1
0,2,0,,72,142,0,0,0,139,1
0,1,0,,399,368,0,1,0,82,1
0,2,0,,823,757,0,0,0,19,1
0,1,0.5,,655,512,12,1,0,22,1
0,2,0,,224,213,0,0,1,33,1
0,1,0,,241,193,5,1,0,145,1
0,2,0,,23,147,2,0,1,139,1
0,1,0,,144,273,5,1,0,0,1
0,1,0,,355,406,0,0,1,42,1
0,2,0,,557,349,14,1,0,159,1
0,4,0,,2634,888,186,1,0,144,1
0,2,0,,206,356,20,1,1,63,1
0,2,0,,753,1942,7,0,1,148,1
0,1,0,,138,416,7,0,0,69,1
0,3,0,,649,895,11,1,0,26,1
0,2,1.333333333,,48,172,0,0,1,65,1
0,2,0,,128,117,0,0,0,56,1
0,2,0.25,,458,603,9,1,0,79,1
0,2,0,,3174,772,57,1,0,134,1
0,2,0.181818182,,84,57,1,1,1,75,1
0.166666667,1,0,,248,194,2,1,0,119,1
0,2,0,,101,149,0,0,0,35,1
0,2,0,,257,222,4,0,0,157,1
0,1,0,,151,71,1,1,0,46,1
0,1,0,,1247,740,2,0,0,74,1
0,2,0,,543,445,9,1,1,69,1
0,3,0,,325,205,1,1,0,132,1
0,3,0,,461,677,22,1,0,135,1
0,2,0.181818182,,552,373,0,0,1,68,1
0,2,0,,168,360,5,1,0,119,1
0,1,0.25,,240,127,3,1,0,25,1
0,1,0.285714286,,92,137,3,1,0,71,1
0,2,0,,1877,731,35,0,1,157,1
0,2,0,,296,408,5,0,0,2,1
0,3,0,,269,183,30,0,0,18,1
0,1,0.5,,3030,283,106,1,0,70,1
0,2,0,,1068,678,33,1,1,148,1
0,2,0,,33,52,1,0,0,40,1
0,2,0,,558,674,50,1,0,136,1
0,1,0,,150,300,1,0,1,0,1
0,1,0.071428571,,352,223,0,0,0,0,1
0,1,0,,270,264,6,0,1,0,1
0,1,0,,785,550,8,0,0,7,1
0,2,0.166666667,,21,168,0,0,1,0,1
0,2,0,,1341,1971,37,1,0,157,1
0,1,0,,59,116,0,0,1,9,1
0,2,0,,702,367,1,1,0,63,1
0,1,1.2,,131,407,1,0,1,66,1
0,1,0,,248,201,13,0,0,159,1
0,1,0,,1209,378,80,1,0,58,1
0,1,0,,68,466,4,0,1,0,1
0,1,0.222222222,,287,904,7,0,0,42,1
0,1,0,,1024,562,0,0,0,40,1
0,2,0,,197,303,4,1,0,15,1
0,1,0,,114,161,0,0,1,27,1
0,1,0,,211,327,4,0,0,22,1
0,2,0,,96,87,4,0,1,33,1
0,2,0,,114,751,6,0,0,30,1
0,1,0,,32,7,2,1,1,123,1
0,1,0.153846154,,25,66,3,0,1,113,1
0,3,0,,157,145,0,0,0,22,1
0,1,0,,1,2,0,0,0,83,1
0,1,0,,29,16,5,1,0,64,1
0,2,0,,389,107,2,0,0,0,1
0,3,0,,100,100,0,0,0,11,1
0,2,0.1,,864,634,1,0,0,56,1
0,1,0,,864,1122,14,0,0,0,1
0,1,0,,168,403,5,0,0,20,1
0,1,0,,657,398,1,0,1,39,1
0,2,0.4,,545,458,0,0,1,62,1
0,2,0,,132,621,1,0,0,77,1
0,2,0.25,,130,102,0,0,1,0,1
0,3,0,,351,941,18,0,1,11,1
0,2,0,,51,152,2,0,1,0,1
0.2,5,0,,4158,76,4,1,0,34,1
0,2,0.090909091,,150,77,1,0,1,22,1
0,1,0,,6154,2329,64,0,0,34,1
0,2,0,,160,88,1,0,0,19,1
0,1,0,,223,177,0,0,0,0,1
0,2,0,,32,123,0,0,1,0,1
0,2,0,,1077,696,1,0,0,39,1
0,1,0,,547,1026,0,0,1,25,1
0,2,0,,535,375,11,1,0,31,1
0,3,0,,672,665,3,0,0,18,1
0,2,0,,988,1111,5,1,0,156,1
0,2,0,,146,300,11,1,0,129,1
0,1,0.166666667,,276,412,21,1,0,54,1
0,2,0,,82,245,2,0,0,30,1
0,1,0,,537,286,5,0,1,0,1
0,1,0,,162,153,0,0,1,16,1
0,1,0,,777,88,8,1,0,112,1
0,2,0,,176,355,4,1,0,66,1
0,1,0,,615,445,0,0,0,0,1
0,2,0,,934,387,18,1,0,0,1
0,2,0,,1092,983,74,1,0,110,1
0,1,0,,137,212,6,1,0,94,1
0,2,0,,76,92,0,0,0,22,1
0,1,0,,6219,144,69,0,1,34,1
0,1,0,,77,289,1,0,0,90,1
0,2,1,,15,20,0,0,1,61,1
0,3,0,,484,475,1,1,0,159,1
0,2,0,,1239,338,6,0,0,74,1
0,4,0.333333333,,7841,89,9,1,0,159,1
0,1,0,,116,87,1,0,1,0,1
0,1,0,,458,455,0,0,0,0,1
0,2,0,,411,831,4,1,1,63,1
0,2,0,,359,409,0,1,1,31,1
0,2,0,,88,181,2,0,0,40,1
0,3,0,,1468,313,13,1,0,92,1
0,3,0,,336,312,12,1,0,138,1
0,2,0,,1782,164,16,1,0,160,1
0,1,0.181818182,,349,392,0,0,1,79,1
0,2,0.166666667,,1321,937,3,0,1,138,1
0,1,0,,451,406,3,1,0,95,1
0,2,0.8,,427,303,0,0,1,15,1
0,2,0,,243,326,13,1,0,157,1
0,2,1.142857143,,656,386,1,0,1,38,1
0,2,0,,591,525,1,1,0,18,1
0,1,0,,131,249,0,1,1,19,1
0,2,0,,459,389,0,0,1,55,1
0,1,0.1,,51,95,0,0,1,0,1
0,1,0,,331,234,5,1,0,10,1
0,1,0.333333333,,493,595,10,1,0,154,1
0,1,0.4,,243,97,1,1,0,61,1
0,2,0,,324,292,1,0,0,4,1
0,2,0,,28,196,1,0,1,0,1
0,1,0.333333333,,484,629,2,0,0,90,1
0,1,0.4,,421,436,6,0,0,45,1
0,1,0,,186,171,0,0,1,33,1
0,2,0,,205,90,3,0,0,34,1
0,1,0.142857143,,744,642,0,0,1,76,1
0,1,0,,1206,909,20,1,0,113,1
0,2,0,,555,505,0,0,1,0,1
0,2,0.222222222,,118,113,1,0,1,0,1
0,2,0,,667,1120,24,0,1,28,1
0,1,0,,137,1898,1,0,1,0,1
0,2,0,,771,392,9,1,0,86,1
0,2,0,,1846,776,65,1,0,77,1
0,2,0,,3388,2699,115,1,0,146,1
0,1,0,,393,775,17,1,0,83,1
0,2,0,,151,143,2,1,0,66,1
0,1,0,,850,399,0,0,0,0,1
0,2,0,,291,295,1,1,0,80,1
0,1,0,,62,103,1,1,0,61,1
0,2,0,,45,24,0,0,0,54,1
0,2,0,,1128,863,0,0,0,6,1
0.071428571,3,0.222222222,,280,814,4,1,0,156,1
0,3,0.285714286,,1527,1901,24,0,0,109,1
0,1,0,,739,691,5,1,1,131,1
0,2,0,,434,54,0,1,0,160,1
0,3,0,,88,95,1,1,0,41,1
0,1,0,,124,112,0,0,0,24,1
0,2,0.111111111,,29,260,1,1,0,127,1
0,2,0,,300,193,8,1,0,22,1
0,2,0,,253,75,1,0,0,0,1
0,1,0,,141,342,5,0,0,21,1
0,1,0.25,,357,201,0,0,1,36,1
0,2,0,,101,125,0,0,0,97,1
0,2,0,,128,249,1,1,0,90,1
0,1,0,,376,155,0,0,0,0,1
0.285714286,1,0.153846154,,904,1996,12,1,0,82,1
0,1,0,,369,306,5,1,1,10,1
0,2,0,,520,473,17,0,1,62,1
0,1,0,,736,148,5,0,1,20,1
0,1,0,,8,9,0,1,1,65,1
0,2,0,,421,785,0,0,1,20,1
0,3,0,,142,93,3,1,1,80,1
0.25,1,0.333333333,,428,394,0,0,1,29,1
0,1,0.666666667,,95,92,0,1,0,42,1
0,1,0,,292,634,1,0,0,110,1
0,2,0,,183,120,3,1,0,47,1
0,3,0,,101,438,2,0,0,63,1
0,2,0,,315,319,2,0,0,28,1
0,1,0,,236,401,0,0,0,32,1
0,1,0.076923077,,369,337,0,0,0,49,1
0,2,0,,70,105,0,0,0,52,1
0,2,0.111111111,,132,375,3,0,0,53,1
0,2,0.1,,879,409,1,1,1,34,1
0,1,0,,3535,2689,16,0,0,78,1
0,1,0,,240,228,0,0,0,0,1
0,2,0.375,,192,521,0,0,1,92,1
0,1,0,,2333,764,12,1,0,24,1
0,1,0,,514,468,1,0,0,42,1
0,1,0.4,,512,277,7,0,1,31,1
0,3,0.222222222,,992,2002,282,0,0,160,1
0,1,0,,815,576,1,1,1,0,1
0,1,0,,1171,182,2,1,0,0,1
0,1,0,,579,281,3,1,0,99,1
0,1,0,,151,148,3,0,0,32,1
0,2,0,,54,374,3,0,0,29,1
0.5,2,0.5,,514,610,14,0,0,69,1
0,5,0,,4493,1894,132,1,0,130,1
0,5,0.071428571,,903,728,13,1,1,90,1
0,1,0,,22,121,0,0,1,0,1
0,1,0,,515,494,9,0,0,61,1
0,2,0,,56,140,0,0,1,9,1
0,2,0,,820,491,39,1,0,133,1
0,1,0,,165,142,0,0,0,85,1
0,1,0,,507,238,2,0,1,14,1
0,2,0.5,,1116,2000,4,1,0,117,1
0,1,0,,2213,828,7,0,0,112,1
0,1,0,,364,500,0,0,1,28,1
0,2,0.4,,192,471,0,0,1,0,1
0,2,0,,179,339,4,1,0,156,1
0,2,0,,611,404,0,0,0,48,1
0,2,0.181818182,,403,383,0,0,0,114,1
0,1,0,,4964,2288,23,1,0,51,1
0,1,0.090909091,,225,218,0,0,1,44,1
0,1,0,,67,150,0,0,1,52,1
0,2,0,,333,379,9,0,0,73,1
0,3,0,,112,99,3,0,0,120,1
0,3,0,,3138,1247,19,0,0,70,1
0,1,0,,25,68,0,0,1,0,1
0,2,0,,267,308,14,1,1,136,1
0,2,0,,146,150,2,0,0,72,1
0,2,0,,396,585,24,1,0,65,1
0,3,0,,328,491,2,0,0,14,1
0,1,0.166666667,,305,764,1,1,0,31,1
0,2,0.25,,158,96,1,0,1,23,1
0,1,0,,467,338,0,1,0,16,1
0,1,0,,3268,1113,17,0,0,27,1
0,1,0,,146,80,4,0,0,106,1
0,3,0,,38,28,0,0,1,22,1
0,1,0,,349,596,2,1,0,36,1
0,3,0.333333333,,27,108,0,1,0,95,1
0,2,0,,478,469,8,0,0,47,1
0,2,0,,372,508,0,0,1,17,1
0,1,0,,594,842,1,1,1,35,1
0,1,0,,86,92,1,1,1,6,1
0,2,0,,1440,880,8,0,1,41,1
0,1,0,,569,1840,22,1,0,134,1
0,1,0,,296,239,0,0,0,3,1
0,2,0,,77,111,1,1,0,160,1
0,1,0,,395,164,0,1,0,64,1
0,2,2.75,,29,88,0,0,1,141,1
0,1,0.166666667,,592,694,1,0,0,32,1
0,1,0,,79,185,0,0,1,13,1
0,2,0,,345,514,4,0,0,0,1
0,2,0,,137,242,3,0,1,14,1
0,1,0,,233,739,2,1,0,105,1
0,3,0,,609,403,1,0,0,16,1
0,3,0,,582,64,1,0,0,14,1
0,3,0,,268,530,6,0,0,113,1
0,2,0,,57179,762,291,0,0,95,1
0,1,0,,3261,68,21,1,0,35,1
0,1,0,,1853,636,35,1,0,49,1
0,1,0,,207,107,2,0,0,4,1
0,1,0,,1027,446,32,1,0,131,1
0,2,0.071428571,,29,69,0,0,1,21,1
0,2,0.2,,53,137,0,0,1,0,1
0,1,0,,65,52,0,0,1,25,1
0,2,0,,120,350,0,0,0,77,1
0.1,1,0,,14613,11076,79,0,0,27,1
0,1,0,,3798,2886,153,1,0,79,1
0,3,0,,246,498,12,1,1,0,1
0,1,0,,541,467,26,1,0,157,1
0,3,0.2,,6314,6735,367,1,0,141,1
0,1,0.25,,161,236,8,1,0,77,1
0.166666667,2,0,,583,367,6,1,0,15,1
0,1,0,,612,1613,4,1,0,122,1
0,4,0,,1048,772,4,1,0,62,1
0,1,0.571428571,,261,359,1,1,0,82,1
0,2,0,,123,102,0,0,1,33,1
0,1,0,,21,27,1,0,1,0,1
0,1,0,,124,161,0,0,0,33,1
0,1,0,,117,129,0,0,1,112,1
0,2,0,,231,141,0,0,0,19,1
0,2,0,,1641,1692,9,1,0,131,1
0,2,0,,255,225,1,1,1,32,1
0,1,0,,4016,314,44,1,0,149,1
0,2,0,,15,9,2,0,1,28,1
0,2,0,,239,286,2,1,0,75,1
0,2,0,,248,290,1,0,0,19,1
0,1,0,,282,487,4,0,1,0,1
0,1,0,,218,179,16,0,0,134,1
0,2,0,,636,552,1,0,1,41,1
0,1,0,,703,1643,20,1,0,55,1
0,1,0,,439,587,0,0,1,29,1
0,2,0,,401,165,6,0,0,112,1
0,2,0,,146,300,5,1,1,0,1
0,1,0.1,,17,105,2,0,0,143,1
0,1,0,,181,216,1,1,0,21,1
0,1,0,,713,932,9,0,1,26,1
0,1,0,,271,738,3,0,0,36,1
0,2,0,,3420,1519,181,1,0,160,1
0,1,0,,1228,132,14,1,0,0,1
0,1,0,,120,177,0,1,0,0,1
0,2,0,,525,166,41,1,0,24,1
0,2,0,,1368,1433,4,1,0,6,1
0,1,0,,359,306,1,0,0,34,1
0,2,0,,1052,1505,6,0,0,95,1
0,3,0,,131,322,0,0,1,0,1
0,2,0,,224,303,2,0,0,56,1
0,1,0.142857143,,86,197,0,0,1,12,1
0,2,0,,190,285,1,0,1,11,1
0,4,0,,587,434,0,1,0,9,1
0,2,0,,1061,666,3,0,0,0,1
0,2,0.571428571,,479,652,21,1,0,133,1
0,1,0.571428571,,325,1911,10,0,1,71,1
0,2,0,,830,1048,31,1,0,116,1
0,2,0,,81,345,2,1,1,72,1
0,2,0,,375,368,0,0,0,36,1
0,2,0,,231,92,1,0,0,36,1
0,2,0,,148,203,3,0,0,6,1
0,1,0,,464,457,1,0,0,59,1
0,3,0,,228,342,0,0,1,0,1
0,1,0,,812,848,0,0,0,35,1
0,1,0,,133,215,0,0,0,9,1
0,4,0,,3577,774,19,1,0,62,1
0,1,0,,533,421,1,1,0,53,1
0,2,0,,116,135,4,0,0,16,1
0,2,0,,321,95,0,0,1,0,1
0,1,0,,423,152,24,0,0,87,1
0,3,0,,338,946,11,0,0,131,1
0,1,0,,1309,230,2,1,0,16,1
0,2,0.428571429,,95,237,0,0,1,0,1
0,2,0,,106,151,1,1,0,42,1
0,2,0,,24,63,6,0,1,41,1
0,3,0,,1318,722,9,1,0,43,1
0,2,0,,579,663,43,0,0,147,1
0,1,0.25,,321,316,0,0,0,24,1
0,1,0,,1019,1223,4,0,1,125,1
0,1,0,,33,40,2,0,0,102,1
0,2,0,,1204,1711,71,1,0,154,1
0,1,0,,50,90,0,1,1,34,1
0,2,0,,919,2001,17,1,0,135,1
0,2,0,,120,969,2,0,0,160,1
0,2,0,,184,314,18,0,0,154,1
0,1,0,,7816,1749,290,1,1,143,1
0,1,0,,12143,166,136,0,0,17,1
0,2,1,,72,109,0,0,1,53,1
0,2,0.153846154,,93,103,1,0,1,0,1
0,2,0.4,,41,112,2,0,0,2,1
0,1,0,,382,365,0,0,1,15,1
0,1,0,,552,1836,1,0,0,36,1
0,1,0,,879,59,3,1,0,34,1
0,1,2,,14,51,0,0,1,3,1
0,2,0,,32,606,1,0,0,60,1
0,1,0,,780,175,0,0,0,19,1
0,1,0,,480,303,1,0,0,23,1
0,2,0,,1903,790,61,0,1,154,1
0,1,0.4,,261,485,3,0,0,81,1
0,1,0.090909091,,346,490,0,0,0,0,1
0,3,0,,391,763,0,0,0,102,1
0,1,0,,623,529,37,1,0,10,1
0,1,0,,887,628,12,1,0,104,1
0,2,0,,22,34,0,1,1,0,1
0,2,0,,139,472,5,1,0,131,1
0,1,0.4,,154,107,3,0,1,68,1
0,2,0,,295,262,1,0,0,16,1
0,1,0,,56,68,2,0,0,0,1
0,2,0,,1051,603,13,1,0,159,1
0,1,0,,357,341,1,1,0,33,1
0,2,0,,573,396,0,1,0,125,1
0,1,0,,62370,427,1547,1,0,157,1
0,1,0.181818182,,794,1463,0,0,0,19,1
0,1,0,,237,100,1,0,0,59,1
0,2,0.2,,820,588,0,0,0,34,1
0,2,0,,232,223,1,1,0,0,1
0,1,0,,678,550,5,0,0,6,1
0,2,0,,1526,1011,10,0,0,126,1
0,2,0,,407,376,1,0,1,14,1
0,2,0.4,,484,1977,3,1,0,83,1
0,2,0.333333333,,1192,709,1,0,0,11,1
0,1,0,,643,364,2,0,0,0,1
0,2,0,,7065,1822,596,1,0,134,1
0,1,0,,2674,2841,17,1,0,114,1
0,1,0,,455,336,0,0,0,15,1
0,1,0,,421,488,0,1,1,34,1
0,2,0,,306,679,3,1,0,59,1
0,1,0,,14665,389,195,1,0,17,1
0,2,0,,2024,1385,9,0,0,109,1
0,2,0,,5051,454,99,0,0,56,1
0,1,0,,674,343,0,0,0,29,1
0,2,0,,448,400,1,0,0,87,1
0,2,0,,33,98,1,0,0,0,1
0,2,0,,371,86,3,1,0,38,1
0,1,0,,406,401,0,0,1,4,1
0,1,0,,1234,442,4,1,0,105,1
0,2,0,,3750,1093,24,1,0,113,1
0,2,0,,371,238,17,1,0,64,1
0,2,0,,1170,1118,1,1,0,19,1
0,2,0,,71,173,3,0,0,66,1
0,1,0.75,,22,197,0,1,1,31,1
0,3,0.125,,765,1995,20,1,0,159,1
0,1,0.125,,198,138,0,0,1,59,1
0,2,0.111111111,,286,432,2,0,1,39,1
0,4,0,,256,454,7,0,0,43,1
0,1,0,,1063,79,8,0,0,26,1
0,7,0,,65,221,0,1,1,0,1
0,2,0,,6291,4741,15,0,0,39,1
0.153846154,5,0,,644,1326,14,0,1,73,1
0,2,0,,19,117,0,0,0,41,1
0,3,0,,3232,2439,1,0,0,91,1
0,1,0,,346,316,0,0,1,49,1
0,2,0,,1668,57,3,1,0,44,1
0,1,0,,276,313,0,0,0,62,1
0,2,0,,1231,1997,32,1,0,71,1
0,1,0,,361,278,0,1,0,98,1
0,1,0,,1635,1610,3,0,0,0,1
0,1,0,,166,346,5,1,0,70,1
0,2,0,,43,155,0,0,1,0,1
0,1,0,,562,217,1,1,0,11,1
0,2,0,,354,290,6,1,0,97,1
0,2,0.2,,723,446,5,1,0,63,1
0,2,0,,23,168,4,0,1,44,1
0,2,0,,304,1349,2,0,0,37,1
0,2,0,,24,28,0,0,1,39,1
0,1,0,,267,73,3,0,0,12,1
0,3,0,,57,224,0,0,0,39,1
0,3,0,,453,302,3,1,0,64,1
0,1,0,,1373,834,3,1,1,50,1
0,2,0,,278,302,2,1,0,55,1
0,1,0,,759,115,32,0,1,112,1
0,2,0,,340,797,1,0,0,147,1
0,1,0,,56,537,0,0,0,83,1
0,2,0,,114,164,0,0,0,7,1
0,3,0,,71,318,0,1,0,24,1
0,1,0.285714286,,1294,272,6,0,0,47,1
0,1,0,,54,52,1,1,0,24,1
0,2,0,,243,76,0,1,1,83,1
0,3,1,,135,383,0,0,0,24,1
0,2,0,,41,141,0,0,0,26,1
0,2,0,,142,122,2,0,0,25,1
0,2,0.181818182,,1885,2064,5,0,1,156,1
0,2,0.1,,929,726,1,0,1,5,1
0,2,0,,169,847,0,0,1,107,1
0,2,0,,91,81,0,1,0,61,1
0,1,0,,1232,270,14,0,0,94,1
0.285714286,3,0,,864,360,6,1,1,15,1
0.083333333,3,0,,1813,320,5,1,1,37,1
0.5,1,0.222222222,,17,13,0,0,1,0,1
0,1,0,,236,124,1,0,0,0,1
0,2,0,,57,169,2,1,0,93,1
0,1,0,,328,292,0,0,1,11,1
0,1,0,,64,191,1,0,0,154,1
0,3,0,,159,182,4,1,0,92,1
0,1,0,,236,298,2,0,0,11,1
0,2,0,,191,247,0,0,0,151,1
0,1,0,,219,391,0,0,1,157,1
0,1,0,,1641,153,1,0,0,10,1
0,3,0,,321,231,4,1,0,125,1
0,2,0,,1408,1533,4,0,0,59,1
0,1,0,,476,519,13,0,0,79,1
0,1,0,,756,1885,9,1,0,149,1
0,1,0,,56,146,0,1,0,33,1
0.666666667,3,0,,2844,1861,71,1,0,20,1
0,4,0.285714286,,73,87,0,0,1,2,1
0,1,0.8,,470,480,0,0,0,30,1
0,1,0,,5650,69,36,0,0,50,1
0,2,0,,986837,1111,4840,1,0,154,1
0,1,0,,4955,4359,48,1,0,76,1
0,1,0,,274,142,0,1,0,34,1
0,2,0,,5209,1120,37,0,0,142,1
0,2,0,,1032,1908,0,0,1,56,1
0,3,0,,228,378,1,0,0,91,1
0,2,0,,17,39,0,0,1,0,1
0,2,0.083333333,,196,333,1,0,1,116,1
0,1,0,,141,50,1,0,0,0,1
0,2,0,,2605,2580,1,0,1,15,1
0,2,0,,347,433,3,1,0,65,1
0,2,0,,33,295,0,0,1,106,1
0,1,0,,1582,1500,2,1,0,110,1
0,1,0.142857143,,113,255,4,1,0,63,1
0,1,0,,999,908,4,1,0,21,1
0,2,0,,266,386,2,0,0,150,1
0.066666667,3,0.222222222,,139,466,0,0,0,43,1
0,2,0,,490,673,1,0,1,115,1
0,2,0,,38,288,1,0,1,29,1
0,1,0,,127,225,2,0,0,58,1
0,2,0,,88,94,0,1,1,24,1
0,2,0,,64,221,1,0,1,60,1
0,1,0,,1497,2004,3,0,0,123,1
0,2,0,,449,302,2,0,0,0,1
0,3,0,,384,489,2,1,0,31,1
0,3,0,,26,24,0,1,1,10,1
0,2,0.083333333,,93,500,0,1,0,105,1
0,2,0,,276,152,2,0,0,10,1
0,2,0,,354,243,1,0,0,65,1
0,2,0.333333333,,236,207,1,0,0,12,1
0,1,0,,312,235,5,0,0,28,1
0,1,1,,306,377,1,0,1,70,1
0,3,0.166666667,,47,125,2,0,0,69,1
0,1,0.6,,187,164,4,0,0,66,1
0,2,0.153846154,,2,32,0,0,1,0,1
0,2,0.75,,2035,1957,0,0,0,75,1
0,1,0.285714286,,588,1646,1,1,1,38,1
0,2,0,,2844,326,24,1,1,152,1
0,1,0,,108,105,5,0,0,66,1
0,1,0,,574,631,2,0,0,0,1
0,1,0,,248,352,1,1,0,13,1
0,1,0,,411,375,3,1,0,52,1
0,2,0,,356,818,6,0,1,109,1
0,1,0,,152,339,2,0,0,87,1
0,2,0,,252,438,4,0,1,129,1
0,2,0,,2280,801,108,1,0,121,1
0,1,0,,122,229,0,0,1,0,1
0,2,0,,502,653,5,0,0,160,1
0,2,0.166666667,,16,107,0,0,1,28,1
0,2,0,,460,480,4,1,1,15,1
0,1,0.666666667,,20,82,1,0,1,57,1
0,2,0,,660,157,22,1,0,96,1
0,2,0,,131,78,0,1,1,26,1
0,3,0,,193,378,4,1,0,77,1
0,2,0,,510,655,2,1,0,24,1
0,2,0,,299,261,0,0,1,15,1
0,1,0,,314,188,3,0,1,46,1
0,2,0,,32,164,1,0,1,24,1
0,1,0,,139,300,0,0,1,0,1
0,1,0.181818182,,123,164,0,0,1,0,1
0,2,0,,248,274,17,0,0,59,1
0,2,0,,483,539,29,1,0,78,1
0,2,0,,76,36,6,0,0,32,1
0,1,0,,10241,340,59,0,0,17,1
0,1,0,,314,248,3,0,0,122,1
0,1,0,,1120,340,42,0,0,105,1
0,1,0.375,,335,362,0,0,0,91,1
0,1,0.076923077,,752,201,4,0,1,1,1
0,1,0,,169,121,1,0,1,13,1
0,2,0,,155,80,2,1,0,71,1
0,1,0,,172,171,0,0,0,12,1
0,2,0.2,,279,1078,3,1,0,159,1
0,2,0,,71,66,4,0,1,159,1
0,2,0,,38,138,0,0,1,27,1
0,2,0,,151,760,1,0,1,148,1
0,2,0,,148,523,0,0,0,28,1
0,1,0,,6534,5227,10,0,0,83,1
0,2,0.125,,81,218,4,0,1,0,1
0,1,0.428571429,,286,261,4,0,1,28,1
0,1,0,,284,282,0,0,0,12,1
0,2,0,,774,698,0,0,0,24,1
0.75,1,0,,36,125,0,0,0,18,1
0,2,0,,824,241,7,1,0,155,1
0,2,0,,62,71,0,0,0,45,1
0,2,0.285714286,,145,279,2,0,0,104,1
0,2,0.375,,1671,1668,49,0,0,138,1
0,2,0.333333333,,151,550,2,0,1,103,1
0,3,0,,897,633,30,0,0,31,1
0,2,0,,53,256,3,0,1,129,1
0,1,0,,1227,413,55,0,0,147,1
0,2,0,,59,70,0,0,1,0,1
0,2,0,,12875,392,202,1,0,139,1
0,1,0.25,,26,16,0,0,1,59,1
0,1,0,,382,645,3,0,0,23,1
0,2,0.090909091,,206,414,2,0,1,29,1
0,2,0,,82,220,0,1,1,151,1
0,2,0.222222222,,58,264,0,0,0,158,1
0,2,0,,6602,1162,52,1,0,110,1
0,2,0.428571429,,1237,1189,0,0,1,0,1
0,1,0,,1046,687,2,1,0,10,1
0,2,0,,219,356,4,0,1,0,1
0,2,0,,887,1598,5,1,0,53,1
0,1,0.111111111,,154,234,1,0,1,26,1
0,2,0,,2008,1462,0,1,0,8,1
0,1,0,,414,488,6,0,0,46,1
0,2,0.666666667,,384,320,0,0,0,45,1
0,2,0,,179,249,2,1,0,20,1
0,1,0,,190,252,2,1,0,65,1
0,1,0,,2696,154,36,0,1,141,1
0,1,0,,978,126,8,1,0,9,1
0,2,0,,247,244,6,1,0,67,1
0,3,0.5,,2162,792,93,1,0,136,1
0,2,0,,284,218,6,1,0,160,1
0,1,0,,57,71,0,0,0,58,1
0,2,0,,4774,3822,214,1,0,158,1
0,1,0.083333333,,31,61,0,0,1,27,1
0,1,0,,177,442,0,1,0,89,1
0,2,0,,45,54,4,0,0,44,1
0,8,0,,714,484,2,0,1,7,1
0,2,0,,89,120,0,0,0,51,1
0.25,4,0,,2147,197,5,1,0,19,1
0,1,0.428571429,,951,426,1,1,1,15,1
0,2,0,,4,40,0,0,1,0,1
0,1,0,,365,322,2,0,0,36,1
0,1,0.125,,198,228,5,0,0,12,1
0,3,0,,262,265,1,1,0,40,1
0,1,0,,346,1235,10,1,0,40,1
0,2,0.571428571,,87,55,0,0,0,47,1
0,2,0.153846154,,549,435,1,0,1,53,1
0,1,0,,12,41,0,0,1,0,1
0,1,0,,140,332,0,0,0,0,1
0,2,0,,26,111,0,0,0,89,1
0,3,0,,236,331,1,1,0,114,1
0,1,0.25,,383,269,0,0,1,42,1
0,1,0,,445,354,2,0,0,32,1
0,2,0.375,,137,534,1,0,1,39,1
0,2,0,,665,96,2,0,0,8,1
0,1,0.2,,439,287,1,0,0,102,1
0,2,1.5,,70,174,1,0,0,23,1
0,2,0,,837,834,6,1,0,125,1
0,1,0,,150,125,0,0,1,0,1
0,2,0,,128,170,1,0,1,19,1
0,2,0,,60,250,1,1,0,45,1
0,2,0,,466,386,2,1,0,57,1
0,1,0,,8304,100,146,0,0,84,1
0,4,0,,177,127,3,0,0,14,1
0,2,0,,400,288,2,0,0,29,1
0,2,0,,41,42,2,0,1,94,1
0,2,0,,268,160,0,1,1,125,1
0,2,0,,50,86,0,0,1,12,1
0,2,0.181818182,,134,240,0,0,1,0,1
0,2,0.25,,88,124,3,0,0,146,1
0,3,0,,41,171,2,1,0,149,1
0,1,0.8,,654,544,0,1,1,24,1
0,2,0.571428571,,168,346,0,0,1,17,1
0,1,0,,1835,258,3,0,0,19,1
0,1,0,,4382,864,51,1,0,13,1
0,2,0,,692,2001,8,1,0,72,1
0,2,0.25,,638,337,4,0,0,69,1
0,2,0,,167,186,1,1,0,26,1
0,2,0,,337,389,2,1,1,44,1
0,1,0,,413,307,0,0,0,11,1
0,1,0,,481,188,23,1,0,36,1
0,1,0.333333333,,418,410,1,0,1,14,1
0,1,0,,761,353,0,0,0,40,1
0,2,0,,88,117,0,0,1,14,1
0,2,0,,27,79,0,1,0,22,1
0,1,0,,66,162,0,0,0,35,1
0,2,0,,26,62,0,0,1,0,1
0,1,0,,92,105,0,0,0,88,1
0,1,0,,135,404,11,0,0,27,1
0,2,0,,158,249,0,0,0,29,1
0,2,0.5,,1502,1504,9,1,0,151,1
0,2,0,,358,198,7,1,1,26,1
0,1,0,,694,632,0,0,0,77,1
0.2,1,0,,88,198,0,0,0,0,1
0,2,0,,703,223,9,0,0,14,1
0,2,0,,1003,512,6,0,0,15,1
0,2,0,,589,517,19,1,0,59,1
0,1,0,,782,1243,2,0,0,40,1
0,2,0,,88,956,3,0,0,99,1
0,1,0,,156,200,0,1,1,5,1
0,2,0,,89,320,1,0,1,46,1
0,1,0,,92,19,1,0,0,0,1
0,3,0,,1787,838,87,1,0,159,1
0,1,0,,140,81,2,1,0,88,1
0,1,0.076923077,,180,158,0,0,1,1,1
0.285714286,1,0,,18,216,0,0,1,63,1
0,1,0,,85,59,1,1,0,13,1
0,2,0,,784,508,7,0,0,58,1
0,2,0,,216,201,1,0,0,134,1
0,1,0,,442,177,37,1,0,91,1
0,2,0,,105,183,0,0,0,10,1
0,2,0,,322,227,0,0,0,0,1
0,1,0,,26,300,0,1,1,22,1
0,1,0,,938,524,6,0,0,104,1
0,2,0,,109,278,4,1,0,138,1
0,2,0,,293,818,1,0,0,27,1
0,2,0,,178,142,0,0,1,3,1
0,1,0,,191,152,0,0,1,26,1
0,1,0,,3937,3616,169,1,0,63,1
0,1,0.166666667,,256,516,0,0,1,53,1
0,2,0,,416,298,1,0,0,11,1
0,1,0,,900,600,1,0,0,44,1
0,2,0,,48,395,2,0,0,114,1
0,2,0,,376,399,15,1,0,110,1
0,2,0,,1034,869,1,0,0,90,1
0,1,0,,2917,2305,12,1,0,77,1
0,2,0,,72,54,0,1,0,27,1
0,2,0,,356,382,2,0,1,78,1
0,1,0,,72,334,1,0,1,71,1
0,1,0,,308,276,3,0,0,18,1
0,1,0,,1658,2002,11,0,0,160,1
0,1,0.222222222,,524,510,1,0,1,57,1
0,1,0.181818182,,515,312,0,1,0,40,1
0,2,0,,98,199,7,0,1,152,1
0,1,0,,10483,11711,9,0,0,87,1
0,1,0,,70,150,1,1,1,27,1
0,1,0,,503,225,5,0,0,11,1
0,3,0,,2068,1420,29,1,0,123,1
0,2,0.222222222,,326,177,1,0,1,50,1
0,1,0.181818182,,212,524,0,0,1,17,1
0,2,0,,244,380,3,0,0,0,1
0,1,0,,791,194,4,1,0,36,1
0,3,0,,200,659,4,1,0,117,1
0,1,0,,1207,138,9,0,1,47,1
0,3,0,,1154,232,3,0,0,19,1
0,1,0,,1876,990,78,1,0,40,1
0,1,0,,414,1116,1,0,0,19,1
0,3,0,,68,328,2,1,0,53,1
0,3,0.285714286,,16,99,0,1,0,34,1
0,3,0,,489,1999,3,0,1,41,1
0,1,0,,27789,1403,595,1,0,107,1
0,1,0,,194,132,0,0,0,48,1
0,1,0,,278,208,0,0,1,54,1
0,2,0.666666667,,86,210,4,0,1,44,1
0,2,0,,34,49,1,0,1,50,1
0,1,0,,807,907,9,1,0,140,1
0,1,0,,123,702,3,0,1,42,1
0,1,0,,58,250,1,1,0,72,1
0,2,0,,614,595,9,0,0,154,1
0,1,0,,69,533,0,0,0,37,1
0,2,0,,622,475,15,1,0,151,1
0,2,0,,320,257,2,0,0,89,1
0,1,0,,341,103,5,0,0,90,1
0,2,0,,208,263,2,0,0,158,1
0,2,0,,536,988,11,0,0,107,1
0,2,0,,450,137,6,0,0,25,1
0,2,0,,14,3,0,0,0,37,1
0,2,0,,566,358,2,0,0,0,1
0,1,0,,329,956,11,0,1,138,1
0,1,0,,582,686,0,0,1,0,1
0,2,0,,384,262,14,1,1,143,1
0,1,0,,123,206,2,0,0,17,1
0,3,0,,202,146,0,1,0,17,1
0,2,0.222222222,,284,1356,3,0,0,108,1
0,2,0,,338,149,1,0,0,55,1
0,2,0,,1373,495,2,1,0,93,1
0,3,0.111111111,,690,1606,4,0,1,0,1
0,1,0.333333333,,369,224,13,1,0,41,1
0,4,0,,1003,760,33,1,0,153,1
0,2,0,,10200,10070,62,1,0,157,1
0,1,0,,1025,873,3,0,0,36,1
0,2,0,,1457,282,61,1,0,87,1
0,1,0.153846154,,3001,538,6,0,1,78,1
0,2,0,,493,655,6,0,0,145,1
0,2,0,,699,359,36,0,0,43,1
0,1,0,,1823,1823,0,1,0,72,1
0,1,0,,253,110,2,1,0,50,1
0.076923077,1,0,,804,359,11,1,0,55,1
0,2,0,,467,266,23,1,0,99,1
0,2,0,,223,223,7,1,0,72,1
0,2,0,,4406,655,25,1,1,135,1
0,2,0.153846154,,171,100,0,0,0,41,1
0,3,0,,279,196,1,0,0,0,1
0,2,0,,701,468,1,0,0,152,1
0,3,0,,168,490,0,0,0,0,1
0,1,0,,108,368,2,0,0,27,1
0,1,0.166666667,,327,303,1,0,0,49,1
1.333333333,1,1.333333333,,105,82,0,0,0,104,1
0,2,0,,1025,529,4,0,0,19,1
0,2,0,,341,265,1,0,0,17,1
0,2,0.2,,321,547,7,0,0,157,1
0,2,0,,274,203,2,0,0,51,1
0,2,0,,11003,11072,129,1,0,139,1
0,1,0,,151,102,0,1,1,54,1
0,1,0,,25,87,3,0,1,4,1
0,1,0,,4520,230,0,0,0,31,1
0,1,0,,527,389,0,0,1,6,1
0,2,0,,231,262,0,0,0,67,1
0,2,0,,275,171,1,1,0,44,1
0,2,0.2,,139,320,0,0,1,40,1
0,1,0,,136,236,0,0,0,36,1
0,1,0,,2169,1042,21,1,0,69,1
0,1,0,,6994,963,86,0,0,99,1
0,2,0,,1391,1473,6,0,1,14,1
0,2,0,,1894,2012,101,1,0,90,1
0,2,0,,1645,2001,5,0,0,61,1
0,1,0,,4913,3451,4,1,0,17,1
0,2,0,,482,439,0,0,0,36,1
0,2,0,,226,187,0,0,1,9,1
0,1,0,,148,396,0,1,1,61,1
0,3,0,,3342,186,46,0,0,62,1
0,3,0,,43,113,0,0,0,146,1
0,2,0,,1373,2001,41,1,0,141,1
0,1,0.125,,887,911,10,0,1,135,1
0,2,0,,72,181,0,1,0,150,1
0,1,0,,252,573,1,0,1,4,1
0,2,0,,49,378,3,1,0,160,1
0,1,0,,3225,2429,262,1,0,160,1
0,2,0.285714286,,539,796,21,1,0,90,1
0,3,0,,39,75,0,0,0,36,1
0,2,0,,273,292,0,1,1,19,1
0,1,0.333333333,,177,297,3,0,1,22,1
0,1,0,,1297,518,57,0,0,102,1
0,2,0,,1368,90,76,1,0,149,1
0,1,0,,519,321,1,1,0,27,1
0,2,0,,110,98,0,0,0,16,1
0,1,0,,10588,6651,538,1,0,135,1
0,1,0.8,,168,220,0,0,1,0,1
0,1,0,,2634,147,54,1,0,27,1
0,1,0,,574,85,6,1,0,17,1
0,1,0.25,,1972,1122,51,1,0,47,1
0,1,0,,230,209,7,1,1,128,1
0,2,0.166666667,,1101,1135,36,1,0,151,1
0,3,0,,227,181,2,0,0,24,1
0,1,0,,214,374,3,0,0,57,1
0,1,0.285714286,,87,228,0,0,0,117,1
0,2,0.2,,536,235,0,0,0,57,1
0,1,0,,80,83,1,1,0,66,1
0,2,0,,50,161,0,0,0,8,1
0,3,0,,663,500,5,0,0,45,1
0,2,0.166666667,,28,172,0,0,0,3,1
0,2,0,,535,289,0,1,0,0,1
0,1,0,,603,432,1,1,0,12,1
0,1,0,,539,420,0,0,1,89,1
0,1,0,,3521,987,28,0,0,48,1
0,1,0.222222222,,323,217,1,0,1,39,1
0,1,0,,151,132,1,0,0,33,1
0,2,0.222222222,,152,117,1,0,1,53,1
0,1,0.071428571,,141,218,0,0,1,70,1
0,1,0,,391,147,0,1,0,33,1
0,1,0,,976,647,78,0,0,57,1
0,2,0.1,,138,737,5,1,1,140,1
0,2,0,,27,70,0,0,1,0,1
0,2,0,,188,148,1,0,1,0,1
0,2,0,,102,52,0,0,1,20,1
0,3,0,,72,81,0,0,0,0,1
0,3,0,,154,270,0,0,1,6,1
0,1,0,,10116,8581,77,1,0,15,1
0,2,0,,289,515,2,0,1,27,1
0,2,0,,194,136,4,1,0,30,1
0,2,0,,4,109,0,0,0,7,1
0,2,0.285714286,,123,36,4,0,1,23,1
0,2,0,,274,482,5,1,0,157,1
0,2,0,,448,409,0,1,0,30,1
0,3,0,,196,298,4,1,0,66,1
0,2,0.5,,118,399,1,0,0,98,1
0,2,0,,19,119,0,0,0,23,1
0,2,0,,552,532,0,0,0,24,1
0,2,0,,272,283,0,1,0,84,1
0,1,0,,1999,184,41,1,0,122,1
0,2,0,,191,267,1,1,0,46,1
0,2,0,,183,474,10,1,0,62,1
0,1,0.444444444,,246,222,3,0,1,11,1
0,1,0,,450,277,10,0,1,23,1
0,2,0,,55,51,0,0,0,0,1
0,2,0,,144,115,2,0,0,0,1
0,2,0,,89,66,0,0,1,6,1
0,3,0,,58,101,5,0,0,134,1
0,2,0,,294,654,6,0,0,51,1
0,3,0,,754,405,55,1,0,157,1
0,1,0.444444444,,378,132,10,0,1,0,1
0,1,0,,12802,13173,88,0,0,155,1
0,1,0,,1287,1167,4,0,0,0,1
0,2,0.5,,43,54,0,0,1,36,1
0,1,0,,125,268,9,1,0,15,1
0,2,0,,612,1518,24,1,1,129,1
0,2,0,,458,414,1,0,0,15,1
0,2,0,,947,806,0,0,1,0,1
0,2,1,,37,259,0,0,1,0,1
0,2,0,,289,462,1,0,1,25,1
0.133333333,4,0,,202,199,0,1,1,18,1
0,2,0,,220,801,4,0,1,0,1
